GO
SET IDENTITY_INSERT [dbo].[AssetCategory] ON 

INSERT [dbo].[AssetCategory] ([Id], [Name], [IsActive], [CreatedOn], [CreatedBy], [LastModifiedOn], [LastModifiedBy]) VALUES (1, N'Hardware', 1, CAST(N'2018-09-22T13:14:35.517' AS DateTime), 1, NULL, NULL)
INSERT [dbo].[AssetCategory] ([Id], [Name], [IsActive], [CreatedOn], [CreatedBy], [LastModifiedOn], [LastModifiedBy]) VALUES (2, N'Software', 1, CAST(N'2018-09-22T13:14:35.520' AS DateTime), 1, NULL, NULL)
SET IDENTITY_INSERT [dbo].[AssetCategory] OFF
SET IDENTITY_INSERT [dbo].[AssetLocation] ON 

INSERT [dbo].[AssetLocation] ([Id], [Name], [Address], [IsActive], [CreatedOn], [CreatedBy], [LastModifiedOn], [LastModifiedBy]) VALUES (5, N'Futura Tech Park', N'334, OMR, Futura Tech Park, Block B, 1st Floor, Chennai, Sholinganallur, Chennai, Tamil Nadu 600119', 1, CAST(N'2018-09-22T13:14:35.510' AS DateTime), 1, NULL, NULL)
INSERT [dbo].[AssetLocation] ([Id], [Name], [Address], [IsActive], [CreatedOn], [CreatedBy], [LastModifiedOn], [LastModifiedBy]) VALUES (8, N'Tek Meadows', N'3rd Floor, Tower C, Tek Meadows, No: 51, OMR, Sholinganallur, Chennai, Tamil Nadu 600119', 1, CAST(N'2018-09-22T13:14:35.513' AS DateTime), 1, NULL, NULL)
SET IDENTITY_INSERT [dbo].[AssetLocation] OFF
SET IDENTITY_INSERT [dbo].[AssetPaymentMode] ON 

INSERT [dbo].[AssetPaymentMode] ([Id], [Name], [IsActive]) VALUES (1, N'Cheque', 1)
INSERT [dbo].[AssetPaymentMode] ([Id], [Name], [IsActive]) VALUES (2, N'Credit Card', 1)
INSERT [dbo].[AssetPaymentMode] ([Id], [Name], [IsActive]) VALUES (3, N'Direct Credit', 1)
SET IDENTITY_INSERT [dbo].[AssetPaymentMode] OFF

SET IDENTITY_INSERT [dbo].[AssetStatus] ON 

INSERT [dbo].[AssetStatus] ([Id], [Name], [CreatedOn], [CreatedBy], [LastModifiedOn], [LastModifiedBy]) VALUES (1, N'New', CAST(N'2018-09-22T13:14:35.520' AS DateTime), 1, NULL, NULL)
INSERT [dbo].[AssetStatus] ([Id], [Name], [CreatedOn], [CreatedBy], [LastModifiedOn], [LastModifiedBy]) VALUES (2, N'Quotation In Progress', CAST(N'2018-09-22T13:14:35.523' AS DateTime), 1, NULL, NULL)
INSERT [dbo].[AssetStatus] ([Id], [Name], [CreatedOn], [CreatedBy], [LastModifiedOn], [LastModifiedBy]) VALUES (3, N'Awaiting Quotation Approval', CAST(N'2018-09-22T13:14:35.523' AS DateTime), 1, NULL, NULL)
INSERT [dbo].[AssetStatus] ([Id], [Name], [CreatedOn], [CreatedBy], [LastModifiedOn], [LastModifiedBy]) VALUES (4, N'Awaiting PO', CAST(N'2018-09-22T13:14:35.523' AS DateTime), 1, NULL, NULL)
INSERT [dbo].[AssetStatus] ([Id], [Name], [CreatedOn], [CreatedBy], [LastModifiedOn], [LastModifiedBy]) VALUES (5, N'Raised PO', CAST(N'2018-09-22T13:14:35.527' AS DateTime), 1, NULL, NULL)
INSERT [dbo].[AssetStatus] ([Id], [Name], [CreatedOn], [CreatedBy], [LastModifiedOn], [LastModifiedBy]) VALUES (6, N'Received Asset', CAST(N'2018-09-22T13:14:35.527' AS DateTime), 1, NULL, NULL)
INSERT [dbo].[AssetStatus] ([Id], [Name], [CreatedOn], [CreatedBy], [LastModifiedOn], [LastModifiedBy]) VALUES (7, N'Materialized', CAST(N'2018-09-22T13:14:35.530' AS DateTime), 1, NULL, NULL)
SET IDENTITY_INSERT [dbo].[AssetStatus] OFF
SET IDENTITY_INSERT [dbo].[AssetType] ON 

INSERT [dbo].[AssetType] ([Id], [Name], [AssetCategoryId], [IsActive], [CreatedOn], [CreatedBy], [LastModifiedOn], [LastModifiedBy], [AddonsTypeId]) VALUES (1, N'Laptop', 1, 1, CAST(N'2019-01-23T18:40:00.467' AS DateTime), 5, NULL, NULL, 1)
INSERT [dbo].[AssetType] ([Id], [Name], [AssetCategoryId], [IsActive], [CreatedOn], [CreatedBy], [LastModifiedOn], [LastModifiedBy], [AddonsTypeId]) VALUES (2, N'Desktop', 1, 1, CAST(N'2019-01-24T10:29:15.210' AS DateTime), 5, NULL, NULL, 1)
INSERT [dbo].[AssetType] ([Id], [Name], [AssetCategoryId], [IsActive], [CreatedOn], [CreatedBy], [LastModifiedOn], [LastModifiedBy], [AddonsTypeId]) VALUES (3, N'Monitor', 1, 1, CAST(N'2019-01-24T10:32:32.983' AS DateTime), 5, NULL, NULL, 1)
INSERT [dbo].[AssetType] ([Id], [Name], [AssetCategoryId], [IsActive], [CreatedOn], [CreatedBy], [LastModifiedOn], [LastModifiedBy], [AddonsTypeId]) VALUES (4, N'Switch', 1, 1, CAST(N'2019-01-24T10:34:09.377' AS DateTime), 5, NULL, NULL, 2)
INSERT [dbo].[AssetType] ([Id], [Name], [AssetCategoryId], [IsActive], [CreatedOn], [CreatedBy], [LastModifiedOn], [LastModifiedBy], [AddonsTypeId]) VALUES (5, N'Router', 1, 1, CAST(N'2019-01-24T10:35:22.003' AS DateTime), 5, NULL, NULL, 2)
INSERT [dbo].[AssetType] ([Id], [Name], [AssetCategoryId], [IsActive], [CreatedOn], [CreatedBy], [LastModifiedOn], [LastModifiedBy], [AddonsTypeId]) VALUES (6, N'Access Point', 1, 1, CAST(N'2019-01-24T10:36:07.553' AS DateTime), 5, NULL, NULL, 2)
INSERT [dbo].[AssetType] ([Id], [Name], [AssetCategoryId], [IsActive], [CreatedOn], [CreatedBy], [LastModifiedOn], [LastModifiedBy], [AddonsTypeId]) VALUES (7, N'UPS', 1, 1, CAST(N'2019-01-24T10:36:58.857' AS DateTime), 5, NULL, NULL, 2)
INSERT [dbo].[AssetType] ([Id], [Name], [AssetCategoryId], [IsActive], [CreatedOn], [CreatedBy], [LastModifiedOn], [LastModifiedBy], [AddonsTypeId]) VALUES (8, N'Printer', 1, 1, CAST(N'2019-01-24T10:42:23.390' AS DateTime), 5, NULL, NULL, 2)
INSERT [dbo].[AssetType] ([Id], [Name], [AssetCategoryId], [IsActive], [CreatedOn], [CreatedBy], [LastModifiedOn], [LastModifiedBy], [AddonsTypeId]) VALUES (9, N'Mouse', 1, 1, CAST(N'2019-01-24T10:43:34.140' AS DateTime), 5, NULL, NULL, 1)
INSERT [dbo].[AssetType] ([Id], [Name], [AssetCategoryId], [IsActive], [CreatedOn], [CreatedBy], [LastModifiedOn], [LastModifiedBy], [AddonsTypeId]) VALUES (10, N'Headset', 1, 1, CAST(N'2019-01-24T10:44:36.627' AS DateTime), 5, NULL, NULL, 1)
INSERT [dbo].[AssetType] ([Id], [Name], [AssetCategoryId], [IsActive], [CreatedOn], [CreatedBy], [LastModifiedOn], [LastModifiedBy], [AddonsTypeId]) VALUES (11, N'Dongle', 1, 1, CAST(N'2019-01-24T10:45:08.933' AS DateTime), 5, NULL, NULL, 1)
INSERT [dbo].[AssetType] ([Id], [Name], [AssetCategoryId], [IsActive], [CreatedOn], [CreatedBy], [LastModifiedOn], [LastModifiedBy], [AddonsTypeId]) VALUES (12, N'Electronic Signature Device', 1, 1, CAST(N'2019-01-24T10:49:44.433' AS DateTime), 5, NULL, NULL, 1)
INSERT [dbo].[AssetType] ([Id], [Name], [AssetCategoryId], [IsActive], [CreatedOn], [CreatedBy], [LastModifiedOn], [LastModifiedBy], [AddonsTypeId]) VALUES (13, N'Projector', 1, 1, CAST(N'2019-01-24T10:50:14.587' AS DateTime), 5, NULL, NULL, 2)
INSERT [dbo].[AssetType] ([Id], [Name], [AssetCategoryId], [IsActive], [CreatedOn], [CreatedBy], [LastModifiedOn], [LastModifiedBy], [AddonsTypeId]) VALUES (14, N'TV', 1, 1, CAST(N'2019-01-24T10:50:56.120' AS DateTime), 5, NULL, NULL, 2)
INSERT [dbo].[AssetType] ([Id], [Name], [AssetCategoryId], [IsActive], [CreatedOn], [CreatedBy], [LastModifiedOn], [LastModifiedBy], [AddonsTypeId]) VALUES (15, N'Phones(Company)', 1, 1, CAST(N'2019-01-24T10:52:29.717' AS DateTime), 5, NULL, NULL, 2)
INSERT [dbo].[AssetType] ([Id], [Name], [AssetCategoryId], [IsActive], [CreatedOn], [CreatedBy], [LastModifiedOn], [LastModifiedBy], [AddonsTypeId]) VALUES (16, N'Phones(User)', 1, 1, CAST(N'2019-01-24T10:53:18.900' AS DateTime), 5, NULL, NULL, 1)
INSERT [dbo].[AssetType] ([Id], [Name], [AssetCategoryId], [IsActive], [CreatedOn], [CreatedBy], [LastModifiedOn], [LastModifiedBy], [AddonsTypeId]) VALUES (36, N'MS Office', 2, 1, CAST(N'2019-01-24T17:49:05.817' AS DateTime), 0, NULL, NULL, 1)
INSERT [dbo].[AssetType] ([Id], [Name], [AssetCategoryId], [IsActive], [CreatedOn], [CreatedBy], [LastModifiedOn], [LastModifiedBy], [AddonsTypeId]) VALUES (37, N'MSDN', 2, 1, CAST(N'2019-01-24T18:01:00.307' AS DateTime), 5, NULL, NULL, 1)
INSERT [dbo].[AssetType] ([Id], [Name], [AssetCategoryId], [IsActive], [CreatedOn], [CreatedBy], [LastModifiedOn], [LastModifiedBy], [AddonsTypeId]) VALUES (38, N'MS Access', 2, 1, CAST(N'2019-01-24T18:02:30.757' AS DateTime), 5, NULL, NULL, 1)
INSERT [dbo].[AssetType] ([Id], [Name], [AssetCategoryId], [IsActive], [CreatedOn], [CreatedBy], [LastModifiedOn], [LastModifiedBy], [AddonsTypeId]) VALUES (39, N'Burp Suite', 2, 1, CAST(N'2019-01-24T18:04:51.800' AS DateTime), 5, NULL, NULL, 1)
INSERT [dbo].[AssetType] ([Id], [Name], [AssetCategoryId], [IsActive], [CreatedOn], [CreatedBy], [LastModifiedOn], [LastModifiedBy], [AddonsTypeId]) VALUES (40, N'DevExpress Web Controls', 2, 1, CAST(N'2019-01-24T18:05:15.280' AS DateTime), 5, NULL, NULL, 1)
INSERT [dbo].[AssetType] ([Id], [Name], [AssetCategoryId], [IsActive], [CreatedOn], [CreatedBy], [LastModifiedOn], [LastModifiedBy], [AddonsTypeId]) VALUES (41, N'Acrobat Pro DC (Adobe)', 2, 1, CAST(N'2019-01-25T17:25:47.850' AS DateTime), 5, NULL, NULL, 1)
INSERT [dbo].[AssetType] ([Id], [Name], [AssetCategoryId], [IsActive], [CreatedOn], [CreatedBy], [LastModifiedOn], [LastModifiedBy], [AddonsTypeId]) VALUES (42, N'Technical Communication Suite 2017 Win IE AOO (Adobe)', 2, 1, CAST(N'2019-01-25T17:26:12.273' AS DateTime), 5, NULL, NULL, 1)
INSERT [dbo].[AssetType] ([Id], [Name], [AssetCategoryId], [IsActive], [CreatedOn], [CreatedBy], [LastModifiedOn], [LastModifiedBy], [AddonsTypeId]) VALUES (43, N'Captivate 9 MP IE AOO (Adobe)', 2, 1, CAST(N'2019-01-25T17:26:38.630' AS DateTime), 5, NULL, NULL, 1)
INSERT [dbo].[AssetType] ([Id], [Name], [AssetCategoryId], [IsActive], [CreatedOn], [CreatedBy], [LastModifiedOn], [LastModifiedBy], [AddonsTypeId]) VALUES (44, N'CC6 (Adobe)', 2, 1, CAST(N'2019-01-25T17:26:53.483' AS DateTime), 5, NULL, NULL, 1)
INSERT [dbo].[AssetType] ([Id], [Name], [AssetCategoryId], [IsActive], [CreatedOn], [CreatedBy], [LastModifiedOn], [LastModifiedBy], [AddonsTypeId]) VALUES (45, N'Power BI Pro Open', 2, 1, CAST(N'2019-01-25T17:27:15.377' AS DateTime), 5, NULL, NULL, 1)
INSERT [dbo].[AssetType] ([Id], [Name], [AssetCategoryId], [IsActive], [CreatedOn], [CreatedBy], [LastModifiedOn], [LastModifiedBy], [AddonsTypeId]) VALUES (46, N'Resharper tool', 2, 1, CAST(N'2019-01-25T17:27:55.550' AS DateTime), 5, NULL, NULL, 1)
INSERT [dbo].[AssetType] ([Id], [Name], [AssetCategoryId], [IsActive], [CreatedOn], [CreatedBy], [LastModifiedOn], [LastModifiedBy], [AddonsTypeId]) VALUES (47, N'SQL PROMPT Pro', 2, 1, CAST(N'2019-01-25T17:28:09.183' AS DateTime), 5, NULL, NULL, 1)
INSERT [dbo].[AssetType] ([Id], [Name], [AssetCategoryId], [IsActive], [CreatedOn], [CreatedBy], [LastModifiedOn], [LastModifiedBy], [AddonsTypeId]) VALUES (48, N'Tally ERP 9 Single User', 2, 1, CAST(N'2019-01-25T17:28:24.000' AS DateTime), 5, NULL, NULL, 1)
INSERT [dbo].[AssetType] ([Id], [Name], [AssetCategoryId], [IsActive], [CreatedOn], [CreatedBy], [LastModifiedOn], [LastModifiedBy], [AddonsTypeId]) VALUES (49, N'MS Visual Studio', 2, 1, CAST(N'2019-01-25T17:28:46.347' AS DateTime), 5, NULL, NULL, 1)
INSERT [dbo].[AssetType] ([Id], [Name], [AssetCategoryId], [IsActive], [CreatedOn], [CreatedBy], [LastModifiedOn], [LastModifiedBy], [AddonsTypeId]) VALUES (50, N'Keyboard', 1, 1, CAST(N'2019-08-05T16:54:01.303' AS DateTime), 5, NULL, NULL, 2)
SET IDENTITY_INSERT [dbo].[AssetType] OFF
INSERT [dbo].[AssetTypeAddOns] ([Id], [AddonsName]) VALUES (1, N'User')
INSERT [dbo].[AssetTypeAddOns] ([Id], [AddonsName]) VALUES (2, N'Company')
SET IDENTITY_INSERT [dbo].[AssetTypeSpecification] ON 

INSERT [dbo].[AssetTypeSpecification] ([Id], [AssetTypeId], [Name], [IsActive], [ValueType], [CreatedOn], [CreatedBy], [LastModifiedOn], [LastModifiedBy]) VALUES (1, 1, N'Make', 1, N'Single', CAST(N'2019-01-23T18:40:01.247' AS DateTime), 5, NULL, NULL)
INSERT [dbo].[AssetTypeSpecification] ([Id], [AssetTypeId], [Name], [IsActive], [ValueType], [CreatedOn], [CreatedBy], [LastModifiedOn], [LastModifiedBy]) VALUES (2, 1, N'Model', 1, N'Single', CAST(N'2019-01-23T18:40:01.297' AS DateTime), 5, NULL, NULL)
INSERT [dbo].[AssetTypeSpecification] ([Id], [AssetTypeId], [Name], [IsActive], [ValueType], [CreatedOn], [CreatedBy], [LastModifiedOn], [LastModifiedBy]) VALUES (3, 1, N'Configuration(Processor/RAM/HDD)', 1, N'Single', CAST(N'2019-01-23T18:40:01.300' AS DateTime), 5, NULL, NULL)
INSERT [dbo].[AssetTypeSpecification] ([Id], [AssetTypeId], [Name], [IsActive], [ValueType], [CreatedOn], [CreatedBy], [LastModifiedOn], [LastModifiedBy]) VALUES (4, 1, N'Service Tag Number', 1, N'Single', CAST(N'2019-01-23T18:40:01.300' AS DateTime), 5, NULL, NULL)
INSERT [dbo].[AssetTypeSpecification] ([Id], [AssetTypeId], [Name], [IsActive], [ValueType], [CreatedOn], [CreatedBy], [LastModifiedOn], [LastModifiedBy]) VALUES (5, 1, N'Express Service code', 1, N'Single', CAST(N'2019-01-23T18:40:01.303' AS DateTime), 5, NULL, NULL)
INSERT [dbo].[AssetTypeSpecification] ([Id], [AssetTypeId], [Name], [IsActive], [ValueType], [CreatedOn], [CreatedBy], [LastModifiedOn], [LastModifiedBy]) VALUES (6, 1, N'Software Details', 1, N'Multiline', CAST(N'2019-01-23T18:40:01.303' AS DateTime), 5, NULL, NULL)
INSERT [dbo].[AssetTypeSpecification] ([Id], [AssetTypeId], [Name], [IsActive], [ValueType], [CreatedOn], [CreatedBy], [LastModifiedOn], [LastModifiedBy]) VALUES (7, 2, N'Make', 1, N'Single', CAST(N'2019-01-24T10:29:15.627' AS DateTime), 5, NULL, NULL)
INSERT [dbo].[AssetTypeSpecification] ([Id], [AssetTypeId], [Name], [IsActive], [ValueType], [CreatedOn], [CreatedBy], [LastModifiedOn], [LastModifiedBy]) VALUES (8, 2, N'Model', 1, N'Single', CAST(N'2019-01-24T10:29:15.707' AS DateTime), 5, NULL, NULL)
INSERT [dbo].[AssetTypeSpecification] ([Id], [AssetTypeId], [Name], [IsActive], [ValueType], [CreatedOn], [CreatedBy], [LastModifiedOn], [LastModifiedBy]) VALUES (9, 2, N'Configuration(Processor/RAM/HDD)', 1, N'Single', CAST(N'2019-01-24T10:29:15.707' AS DateTime), 5, NULL, NULL)
INSERT [dbo].[AssetTypeSpecification] ([Id], [AssetTypeId], [Name], [IsActive], [ValueType], [CreatedOn], [CreatedBy], [LastModifiedOn], [LastModifiedBy]) VALUES (10, 2, N'Service Tag Number', 1, N'Single', CAST(N'2019-01-24T10:29:15.710' AS DateTime), 5, NULL, NULL)
INSERT [dbo].[AssetTypeSpecification] ([Id], [AssetTypeId], [Name], [IsActive], [ValueType], [CreatedOn], [CreatedBy], [LastModifiedOn], [LastModifiedBy]) VALUES (11, 2, N'Express Service code', 1, N'Single', CAST(N'2019-01-24T10:29:15.710' AS DateTime), 5, NULL, NULL)
INSERT [dbo].[AssetTypeSpecification] ([Id], [AssetTypeId], [Name], [IsActive], [ValueType], [CreatedOn], [CreatedBy], [LastModifiedOn], [LastModifiedBy]) VALUES (12, 2, N'Software Details', 1, N'Multiline', CAST(N'2019-01-24T10:29:15.710' AS DateTime), 5, NULL, NULL)
INSERT [dbo].[AssetTypeSpecification] ([Id], [AssetTypeId], [Name], [IsActive], [ValueType], [CreatedOn], [CreatedBy], [LastModifiedOn], [LastModifiedBy]) VALUES (13, 3, N'Make', 1, N'Single', CAST(N'2019-01-24T10:32:32.987' AS DateTime), 5, NULL, NULL)
INSERT [dbo].[AssetTypeSpecification] ([Id], [AssetTypeId], [Name], [IsActive], [ValueType], [CreatedOn], [CreatedBy], [LastModifiedOn], [LastModifiedBy]) VALUES (14, 3, N'Model', 1, N'Single', CAST(N'2019-01-24T10:32:32.990' AS DateTime), 5, NULL, NULL)
INSERT [dbo].[AssetTypeSpecification] ([Id], [AssetTypeId], [Name], [IsActive], [ValueType], [CreatedOn], [CreatedBy], [LastModifiedOn], [LastModifiedBy]) VALUES (15, 3, N'Display Size', 1, N'Single', CAST(N'2019-01-24T10:32:32.990' AS DateTime), 5, NULL, NULL)
INSERT [dbo].[AssetTypeSpecification] ([Id], [AssetTypeId], [Name], [IsActive], [ValueType], [CreatedOn], [CreatedBy], [LastModifiedOn], [LastModifiedBy]) VALUES (16, 3, N'Service Tag Number', 1, N'Single', CAST(N'2019-01-24T10:32:32.993' AS DateTime), 5, NULL, NULL)
INSERT [dbo].[AssetTypeSpecification] ([Id], [AssetTypeId], [Name], [IsActive], [ValueType], [CreatedOn], [CreatedBy], [LastModifiedOn], [LastModifiedBy]) VALUES (17, 3, N'Express Service Code', 1, N'Single', CAST(N'2019-01-24T10:32:32.993' AS DateTime), 5, NULL, NULL)
INSERT [dbo].[AssetTypeSpecification] ([Id], [AssetTypeId], [Name], [IsActive], [ValueType], [CreatedOn], [CreatedBy], [LastModifiedOn], [LastModifiedBy]) VALUES (18, 4, N'Make', 1, N'Single', CAST(N'2019-01-24T10:34:09.420' AS DateTime), 5, NULL, NULL)
INSERT [dbo].[AssetTypeSpecification] ([Id], [AssetTypeId], [Name], [IsActive], [ValueType], [CreatedOn], [CreatedBy], [LastModifiedOn], [LastModifiedBy]) VALUES (19, 4, N'Model', 1, N'Single', CAST(N'2019-01-24T10:34:09.423' AS DateTime), 5, NULL, NULL)
INSERT [dbo].[AssetTypeSpecification] ([Id], [AssetTypeId], [Name], [IsActive], [ValueType], [CreatedOn], [CreatedBy], [LastModifiedOn], [LastModifiedBy]) VALUES (20, 4, N'Service Tag Number', 1, N'Single', CAST(N'2019-01-24T10:34:09.423' AS DateTime), 5, NULL, NULL)
INSERT [dbo].[AssetTypeSpecification] ([Id], [AssetTypeId], [Name], [IsActive], [ValueType], [CreatedOn], [CreatedBy], [LastModifiedOn], [LastModifiedBy]) VALUES (21, 5, N'Make', 1, N'Single', CAST(N'2019-01-24T10:35:22.007' AS DateTime), 5, NULL, NULL)
INSERT [dbo].[AssetTypeSpecification] ([Id], [AssetTypeId], [Name], [IsActive], [ValueType], [CreatedOn], [CreatedBy], [LastModifiedOn], [LastModifiedBy]) VALUES (22, 5, N'Model', 1, N'Single', CAST(N'2019-01-24T10:35:22.010' AS DateTime), 5, NULL, NULL)
INSERT [dbo].[AssetTypeSpecification] ([Id], [AssetTypeId], [Name], [IsActive], [ValueType], [CreatedOn], [CreatedBy], [LastModifiedOn], [LastModifiedBy]) VALUES (23, 6, N'Make', 1, N'Single', CAST(N'2019-01-24T10:36:07.587' AS DateTime), 5, NULL, NULL)
INSERT [dbo].[AssetTypeSpecification] ([Id], [AssetTypeId], [Name], [IsActive], [ValueType], [CreatedOn], [CreatedBy], [LastModifiedOn], [LastModifiedBy]) VALUES (24, 6, N'Model', 1, N'Single', CAST(N'2019-01-24T10:36:07.590' AS DateTime), 5, NULL, NULL)
INSERT [dbo].[AssetTypeSpecification] ([Id], [AssetTypeId], [Name], [IsActive], [ValueType], [CreatedOn], [CreatedBy], [LastModifiedOn], [LastModifiedBy]) VALUES (25, 7, N'Make', 1, N'Single', CAST(N'2019-01-24T10:36:58.890' AS DateTime), 5, NULL, NULL)
INSERT [dbo].[AssetTypeSpecification] ([Id], [AssetTypeId], [Name], [IsActive], [ValueType], [CreatedOn], [CreatedBy], [LastModifiedOn], [LastModifiedBy]) VALUES (26, 7, N'Model', 1, N'Single', CAST(N'2019-01-24T10:36:58.893' AS DateTime), 5, NULL, NULL)
INSERT [dbo].[AssetTypeSpecification] ([Id], [AssetTypeId], [Name], [IsActive], [ValueType], [CreatedOn], [CreatedBy], [LastModifiedOn], [LastModifiedBy]) VALUES (27, 7, N'Capacity', 1, N'Single', CAST(N'2019-01-24T10:36:58.893' AS DateTime), 5, NULL, NULL)
INSERT [dbo].[AssetTypeSpecification] ([Id], [AssetTypeId], [Name], [IsActive], [ValueType], [CreatedOn], [CreatedBy], [LastModifiedOn], [LastModifiedBy]) VALUES (28, 8, N'Make', 1, N'Single', CAST(N'2019-01-24T10:42:23.407' AS DateTime), 5, NULL, NULL)
INSERT [dbo].[AssetTypeSpecification] ([Id], [AssetTypeId], [Name], [IsActive], [ValueType], [CreatedOn], [CreatedBy], [LastModifiedOn], [LastModifiedBy]) VALUES (29, 8, N'Model', 1, N'Single', CAST(N'2019-01-24T10:42:23.407' AS DateTime), 5, NULL, NULL)
INSERT [dbo].[AssetTypeSpecification] ([Id], [AssetTypeId], [Name], [IsActive], [ValueType], [CreatedOn], [CreatedBy], [LastModifiedOn], [LastModifiedBy]) VALUES (30, 8, N'Color/Black', 1, N'Single', CAST(N'2019-01-24T10:42:23.410' AS DateTime), 5, NULL, NULL)
INSERT [dbo].[AssetTypeSpecification] ([Id], [AssetTypeId], [Name], [IsActive], [ValueType], [CreatedOn], [CreatedBy], [LastModifiedOn], [LastModifiedBy]) VALUES (31, 9, N'Make', 1, N'Single', CAST(N'2019-01-24T10:43:34.143' AS DateTime), 5, NULL, NULL)
INSERT [dbo].[AssetTypeSpecification] ([Id], [AssetTypeId], [Name], [IsActive], [ValueType], [CreatedOn], [CreatedBy], [LastModifiedOn], [LastModifiedBy]) VALUES (32, 9, N'Model', 1, N'Single', CAST(N'2019-01-24T10:43:34.147' AS DateTime), 5, NULL, NULL)
INSERT [dbo].[AssetTypeSpecification] ([Id], [AssetTypeId], [Name], [IsActive], [ValueType], [CreatedOn], [CreatedBy], [LastModifiedOn], [LastModifiedBy]) VALUES (33, 9, N'Others', 1, N'Multiline', CAST(N'2019-01-24T10:43:34.147' AS DateTime), 5, NULL, NULL)
INSERT [dbo].[AssetTypeSpecification] ([Id], [AssetTypeId], [Name], [IsActive], [ValueType], [CreatedOn], [CreatedBy], [LastModifiedOn], [LastModifiedBy]) VALUES (34, 10, N'Make', 1, N'Single', CAST(N'2019-01-24T10:44:36.657' AS DateTime), 5, NULL, NULL)
INSERT [dbo].[AssetTypeSpecification] ([Id], [AssetTypeId], [Name], [IsActive], [ValueType], [CreatedOn], [CreatedBy], [LastModifiedOn], [LastModifiedBy]) VALUES (35, 10, N'Model', 1, N'Single', CAST(N'2019-01-24T10:44:36.660' AS DateTime), 5, NULL, NULL)
INSERT [dbo].[AssetTypeSpecification] ([Id], [AssetTypeId], [Name], [IsActive], [ValueType], [CreatedOn], [CreatedBy], [LastModifiedOn], [LastModifiedBy]) VALUES (36, 10, N'Others', 1, N'Multiline', CAST(N'2019-01-24T10:44:36.660' AS DateTime), 5, NULL, NULL)
INSERT [dbo].[AssetTypeSpecification] ([Id], [AssetTypeId], [Name], [IsActive], [ValueType], [CreatedOn], [CreatedBy], [LastModifiedOn], [LastModifiedBy]) VALUES (37, 11, N'Make', 1, N'Single', CAST(N'2019-01-24T10:45:08.933' AS DateTime), 5, NULL, NULL)
INSERT [dbo].[AssetTypeSpecification] ([Id], [AssetTypeId], [Name], [IsActive], [ValueType], [CreatedOn], [CreatedBy], [LastModifiedOn], [LastModifiedBy]) VALUES (38, 11, N'Model', 1, N'Single', CAST(N'2019-01-24T10:45:08.937' AS DateTime), 5, NULL, NULL)
INSERT [dbo].[AssetTypeSpecification] ([Id], [AssetTypeId], [Name], [IsActive], [ValueType], [CreatedOn], [CreatedBy], [LastModifiedOn], [LastModifiedBy]) VALUES (39, 11, N'Others', 1, N'Multiline', CAST(N'2019-01-24T10:45:08.940' AS DateTime), 5, NULL, NULL)
INSERT [dbo].[AssetTypeSpecification] ([Id], [AssetTypeId], [Name], [IsActive], [ValueType], [CreatedOn], [CreatedBy], [LastModifiedOn], [LastModifiedBy]) VALUES (40, 12, N'Make', 1, N'Single', CAST(N'2019-01-24T10:49:44.440' AS DateTime), 5, NULL, NULL)
INSERT [dbo].[AssetTypeSpecification] ([Id], [AssetTypeId], [Name], [IsActive], [ValueType], [CreatedOn], [CreatedBy], [LastModifiedOn], [LastModifiedBy]) VALUES (41, 12, N'Model', 1, N'Single', CAST(N'2019-01-24T10:49:44.440' AS DateTime), 5, NULL, NULL)
INSERT [dbo].[AssetTypeSpecification] ([Id], [AssetTypeId], [Name], [IsActive], [ValueType], [CreatedOn], [CreatedBy], [LastModifiedOn], [LastModifiedBy]) VALUES (42, 12, N'Others', 1, N'Multiline', CAST(N'2019-01-24T10:49:44.443' AS DateTime), 5, NULL, NULL)
INSERT [dbo].[AssetTypeSpecification] ([Id], [AssetTypeId], [Name], [IsActive], [ValueType], [CreatedOn], [CreatedBy], [LastModifiedOn], [LastModifiedBy]) VALUES (43, 13, N'Make', 1, N'Single', CAST(N'2019-01-24T10:50:14.590' AS DateTime), 5, NULL, NULL)
INSERT [dbo].[AssetTypeSpecification] ([Id], [AssetTypeId], [Name], [IsActive], [ValueType], [CreatedOn], [CreatedBy], [LastModifiedOn], [LastModifiedBy]) VALUES (44, 13, N'Model', 1, N'Single', CAST(N'2019-01-24T10:50:14.593' AS DateTime), 5, NULL, NULL)
INSERT [dbo].[AssetTypeSpecification] ([Id], [AssetTypeId], [Name], [IsActive], [ValueType], [CreatedOn], [CreatedBy], [LastModifiedOn], [LastModifiedBy]) VALUES (45, 13, N'Others', 1, N'Multiline', CAST(N'2019-01-24T10:50:14.593' AS DateTime), 5, NULL, NULL)
INSERT [dbo].[AssetTypeSpecification] ([Id], [AssetTypeId], [Name], [IsActive], [ValueType], [CreatedOn], [CreatedBy], [LastModifiedOn], [LastModifiedBy]) VALUES (46, 14, N'Make', 1, N'Single', CAST(N'2019-01-24T10:50:56.120' AS DateTime), 5, NULL, NULL)
INSERT [dbo].[AssetTypeSpecification] ([Id], [AssetTypeId], [Name], [IsActive], [ValueType], [CreatedOn], [CreatedBy], [LastModifiedOn], [LastModifiedBy]) VALUES (47, 14, N'Model', 1, N'Single', CAST(N'2019-01-24T10:50:56.120' AS DateTime), 5, NULL, NULL)
INSERT [dbo].[AssetTypeSpecification] ([Id], [AssetTypeId], [Name], [IsActive], [ValueType], [CreatedOn], [CreatedBy], [LastModifiedOn], [LastModifiedBy]) VALUES (48, 14, N'Display Size', 1, N'Single', CAST(N'2019-01-24T10:50:56.123' AS DateTime), 5, NULL, NULL)
INSERT [dbo].[AssetTypeSpecification] ([Id], [AssetTypeId], [Name], [IsActive], [ValueType], [CreatedOn], [CreatedBy], [LastModifiedOn], [LastModifiedBy]) VALUES (49, 14, N'Others', 1, N'Multiline', CAST(N'2019-01-24T10:50:56.123' AS DateTime), 5, NULL, NULL)
INSERT [dbo].[AssetTypeSpecification] ([Id], [AssetTypeId], [Name], [IsActive], [ValueType], [CreatedOn], [CreatedBy], [LastModifiedOn], [LastModifiedBy]) VALUES (50, 15, N'Make', 1, N'Single', CAST(N'2019-01-24T10:52:29.720' AS DateTime), 5, NULL, NULL)
INSERT [dbo].[AssetTypeSpecification] ([Id], [AssetTypeId], [Name], [IsActive], [ValueType], [CreatedOn], [CreatedBy], [LastModifiedOn], [LastModifiedBy]) VALUES (51, 15, N'Model', 1, N'Single', CAST(N'2019-01-24T10:52:29.723' AS DateTime), 5, NULL, NULL)
INSERT [dbo].[AssetTypeSpecification] ([Id], [AssetTypeId], [Name], [IsActive], [ValueType], [CreatedOn], [CreatedBy], [LastModifiedOn], [LastModifiedBy]) VALUES (52, 15, N'Extension', 1, N'Single', CAST(N'2019-01-24T10:52:29.727' AS DateTime), 5, NULL, NULL)
INSERT [dbo].[AssetTypeSpecification] ([Id], [AssetTypeId], [Name], [IsActive], [ValueType], [CreatedOn], [CreatedBy], [LastModifiedOn], [LastModifiedBy]) VALUES (53, 15, N'Others', 1, N'Multiline', CAST(N'2019-01-24T10:52:29.727' AS DateTime), 5, NULL, NULL)
INSERT [dbo].[AssetTypeSpecification] ([Id], [AssetTypeId], [Name], [IsActive], [ValueType], [CreatedOn], [CreatedBy], [LastModifiedOn], [LastModifiedBy]) VALUES (54, 16, N'Make', 1, N'Single', CAST(N'2019-01-24T10:53:18.903' AS DateTime), 5, NULL, NULL)
INSERT [dbo].[AssetTypeSpecification] ([Id], [AssetTypeId], [Name], [IsActive], [ValueType], [CreatedOn], [CreatedBy], [LastModifiedOn], [LastModifiedBy]) VALUES (55, 16, N'Model', 1, N'Single', CAST(N'2019-01-24T10:53:18.903' AS DateTime), 5, NULL, NULL)
INSERT [dbo].[AssetTypeSpecification] ([Id], [AssetTypeId], [Name], [IsActive], [ValueType], [CreatedOn], [CreatedBy], [LastModifiedOn], [LastModifiedBy]) VALUES (56, 16, N'Extension', 1, N'Single', CAST(N'2019-01-24T10:53:18.907' AS DateTime), 5, NULL, NULL)
INSERT [dbo].[AssetTypeSpecification] ([Id], [AssetTypeId], [Name], [IsActive], [ValueType], [CreatedOn], [CreatedBy], [LastModifiedOn], [LastModifiedBy]) VALUES (57, 16, N'Others', 1, N'Multiline', CAST(N'2019-01-24T10:53:18.907' AS DateTime), 5, NULL, NULL)
INSERT [dbo].[AssetTypeSpecification] ([Id], [AssetTypeId], [Name], [IsActive], [ValueType], [CreatedOn], [CreatedBy], [LastModifiedOn], [LastModifiedBy]) VALUES (75, 36, N'Manufacturer', 1, N'Single', CAST(N'2019-01-24T17:49:05.820' AS DateTime), 0, NULL, NULL)
INSERT [dbo].[AssetTypeSpecification] ([Id], [AssetTypeId], [Name], [IsActive], [ValueType], [CreatedOn], [CreatedBy], [LastModifiedOn], [LastModifiedBy]) VALUES (76, 36, N'Version', 1, N'Single', CAST(N'2019-01-24T17:49:05.823' AS DateTime), 0, NULL, NULL)
INSERT [dbo].[AssetTypeSpecification] ([Id], [AssetTypeId], [Name], [IsActive], [ValueType], [CreatedOn], [CreatedBy], [LastModifiedOn], [LastModifiedBy]) VALUES (77, 36, N'Edition', 1, N'Single', CAST(N'2019-01-24T17:49:05.823' AS DateTime), 0, NULL, NULL)
INSERT [dbo].[AssetTypeSpecification] ([Id], [AssetTypeId], [Name], [IsActive], [ValueType], [CreatedOn], [CreatedBy], [LastModifiedOn], [LastModifiedBy]) VALUES (78, 36, N'Product Key', 1, N'Single', CAST(N'2019-01-24T17:49:05.823' AS DateTime), 0, NULL, NULL)
INSERT [dbo].[AssetTypeSpecification] ([Id], [AssetTypeId], [Name], [IsActive], [ValueType], [CreatedOn], [CreatedBy], [LastModifiedOn], [LastModifiedBy]) VALUES (79, 36, N'Project', 1, N'Single', CAST(N'2019-01-24T17:49:05.823' AS DateTime), 0, NULL, NULL)
INSERT [dbo].[AssetTypeSpecification] ([Id], [AssetTypeId], [Name], [IsActive], [ValueType], [CreatedOn], [CreatedBy], [LastModifiedOn], [LastModifiedBy]) VALUES (80, 36, N'Vendor Name', 1, N'Single', CAST(N'2019-01-24T17:49:05.823' AS DateTime), 0, NULL, NULL)
INSERT [dbo].[AssetTypeSpecification] ([Id], [AssetTypeId], [Name], [IsActive], [ValueType], [CreatedOn], [CreatedBy], [LastModifiedOn], [LastModifiedBy]) VALUES (81, 36, N'Remarks', 1, N'Single', CAST(N'2019-01-24T17:49:05.827' AS DateTime), 0, NULL, NULL)
INSERT [dbo].[AssetTypeSpecification] ([Id], [AssetTypeId], [Name], [IsActive], [ValueType], [CreatedOn], [CreatedBy], [LastModifiedOn], [LastModifiedBy]) VALUES (82, 37, N'Manufacturer', 1, N'Single', CAST(N'2019-01-24T18:01:00.327' AS DateTime), 5, NULL, NULL)
INSERT [dbo].[AssetTypeSpecification] ([Id], [AssetTypeId], [Name], [IsActive], [ValueType], [CreatedOn], [CreatedBy], [LastModifiedOn], [LastModifiedBy]) VALUES (83, 37, N'Version', 1, N'Single', CAST(N'2019-01-24T18:01:00.330' AS DateTime), 5, NULL, NULL)
INSERT [dbo].[AssetTypeSpecification] ([Id], [AssetTypeId], [Name], [IsActive], [ValueType], [CreatedOn], [CreatedBy], [LastModifiedOn], [LastModifiedBy]) VALUES (84, 37, N'Edition', 1, N'Single', CAST(N'2019-01-24T18:01:00.330' AS DateTime), 5, NULL, NULL)
INSERT [dbo].[AssetTypeSpecification] ([Id], [AssetTypeId], [Name], [IsActive], [ValueType], [CreatedOn], [CreatedBy], [LastModifiedOn], [LastModifiedBy]) VALUES (85, 37, N'Product Key', 1, N'Single', CAST(N'2019-01-24T18:01:00.330' AS DateTime), 5, NULL, NULL)
INSERT [dbo].[AssetTypeSpecification] ([Id], [AssetTypeId], [Name], [IsActive], [ValueType], [CreatedOn], [CreatedBy], [LastModifiedOn], [LastModifiedBy]) VALUES (86, 37, N'Project', 1, N'Single', CAST(N'2019-01-24T18:01:00.330' AS DateTime), 5, NULL, NULL)
INSERT [dbo].[AssetTypeSpecification] ([Id], [AssetTypeId], [Name], [IsActive], [ValueType], [CreatedOn], [CreatedBy], [LastModifiedOn], [LastModifiedBy]) VALUES (87, 37, N'Vendor Name', 1, N'Single', CAST(N'2019-01-24T18:01:00.330' AS DateTime), 5, NULL, NULL)
INSERT [dbo].[AssetTypeSpecification] ([Id], [AssetTypeId], [Name], [IsActive], [ValueType], [CreatedOn], [CreatedBy], [LastModifiedOn], [LastModifiedBy]) VALUES (88, 37, N'Remarks', 1, N'Single', CAST(N'2019-01-24T17:49:05.827' AS DateTime), 5, NULL, NULL)
INSERT [dbo].[AssetTypeSpecification] ([Id], [AssetTypeId], [Name], [IsActive], [ValueType], [CreatedOn], [CreatedBy], [LastModifiedOn], [LastModifiedBy]) VALUES (89, 38, N'Manufacturer', 1, N'Single', CAST(N'2019-01-24T18:02:30.783' AS DateTime), 5, NULL, NULL)
INSERT [dbo].[AssetTypeSpecification] ([Id], [AssetTypeId], [Name], [IsActive], [ValueType], [CreatedOn], [CreatedBy], [LastModifiedOn], [LastModifiedBy]) VALUES (90, 38, N'Version', 1, N'Single', CAST(N'2019-01-24T18:02:30.783' AS DateTime), 5, NULL, NULL)
INSERT [dbo].[AssetTypeSpecification] ([Id], [AssetTypeId], [Name], [IsActive], [ValueType], [CreatedOn], [CreatedBy], [LastModifiedOn], [LastModifiedBy]) VALUES (91, 38, N'Edition', 1, N'Single', CAST(N'2019-01-24T18:02:30.783' AS DateTime), 5, NULL, NULL)
INSERT [dbo].[AssetTypeSpecification] ([Id], [AssetTypeId], [Name], [IsActive], [ValueType], [CreatedOn], [CreatedBy], [LastModifiedOn], [LastModifiedBy]) VALUES (92, 38, N'Product Key', 1, N'Single', CAST(N'2019-01-24T18:02:30.783' AS DateTime), 5, NULL, NULL)
INSERT [dbo].[AssetTypeSpecification] ([Id], [AssetTypeId], [Name], [IsActive], [ValueType], [CreatedOn], [CreatedBy], [LastModifiedOn], [LastModifiedBy]) VALUES (93, 38, N'Project', 1, N'Single', CAST(N'2019-01-24T18:02:30.783' AS DateTime), 5, NULL, NULL)
INSERT [dbo].[AssetTypeSpecification] ([Id], [AssetTypeId], [Name], [IsActive], [ValueType], [CreatedOn], [CreatedBy], [LastModifiedOn], [LastModifiedBy]) VALUES (94, 38, N'Vendor Name', 1, N'Single', CAST(N'2019-01-24T18:02:30.783' AS DateTime), 5, NULL, NULL)
INSERT [dbo].[AssetTypeSpecification] ([Id], [AssetTypeId], [Name], [IsActive], [ValueType], [CreatedOn], [CreatedBy], [LastModifiedOn], [LastModifiedBy]) VALUES (95, 38, N'Remarks', 1, N'Single', CAST(N'2019-01-24T18:02:30.783' AS DateTime), 5, NULL, NULL)
INSERT [dbo].[AssetTypeSpecification] ([Id], [AssetTypeId], [Name], [IsActive], [ValueType], [CreatedOn], [CreatedBy], [LastModifiedOn], [LastModifiedBy]) VALUES (96, 39, N'Manufacturer', 1, N'Single', CAST(N'2019-01-24T18:04:51.980' AS DateTime), 5, NULL, NULL)
INSERT [dbo].[AssetTypeSpecification] ([Id], [AssetTypeId], [Name], [IsActive], [ValueType], [CreatedOn], [CreatedBy], [LastModifiedOn], [LastModifiedBy]) VALUES (97, 39, N'Version', 1, N'Single', CAST(N'2019-01-24T18:04:51.983' AS DateTime), 5, NULL, NULL)
INSERT [dbo].[AssetTypeSpecification] ([Id], [AssetTypeId], [Name], [IsActive], [ValueType], [CreatedOn], [CreatedBy], [LastModifiedOn], [LastModifiedBy]) VALUES (98, 39, N'Edition', 1, N'Single', CAST(N'2019-01-24T18:04:51.983' AS DateTime), 5, NULL, NULL)
INSERT [dbo].[AssetTypeSpecification] ([Id], [AssetTypeId], [Name], [IsActive], [ValueType], [CreatedOn], [CreatedBy], [LastModifiedOn], [LastModifiedBy]) VALUES (99, 39, N'Product Key', 1, N'Single', CAST(N'2019-01-24T18:04:51.983' AS DateTime), 5, NULL, NULL)
INSERT [dbo].[AssetTypeSpecification] ([Id], [AssetTypeId], [Name], [IsActive], [ValueType], [CreatedOn], [CreatedBy], [LastModifiedOn], [LastModifiedBy]) VALUES (100, 39, N'Project', 1, N'Single', CAST(N'2019-01-24T18:04:51.983' AS DateTime), 5, NULL, NULL)
INSERT [dbo].[AssetTypeSpecification] ([Id], [AssetTypeId], [Name], [IsActive], [ValueType], [CreatedOn], [CreatedBy], [LastModifiedOn], [LastModifiedBy]) VALUES (101, 39, N'Vendor Name', 1, N'Single', CAST(N'2019-01-24T18:04:51.983' AS DateTime), 5, NULL, NULL)
INSERT [dbo].[AssetTypeSpecification] ([Id], [AssetTypeId], [Name], [IsActive], [ValueType], [CreatedOn], [CreatedBy], [LastModifiedOn], [LastModifiedBy]) VALUES (102, 39, N'Remarks', 1, N'Single', CAST(N'2019-01-24T18:04:51.983' AS DateTime), 5, NULL, NULL)
INSERT [dbo].[AssetTypeSpecification] ([Id], [AssetTypeId], [Name], [IsActive], [ValueType], [CreatedOn], [CreatedBy], [LastModifiedOn], [LastModifiedBy]) VALUES (103, 40, N'Manufacturer', 1, N'Single', CAST(N'2019-01-24T18:05:15.453' AS DateTime), 5, NULL, NULL)
INSERT [dbo].[AssetTypeSpecification] ([Id], [AssetTypeId], [Name], [IsActive], [ValueType], [CreatedOn], [CreatedBy], [LastModifiedOn], [LastModifiedBy]) VALUES (104, 40, N'Version', 1, N'Single', CAST(N'2019-01-24T18:05:15.453' AS DateTime), 5, NULL, NULL)
INSERT [dbo].[AssetTypeSpecification] ([Id], [AssetTypeId], [Name], [IsActive], [ValueType], [CreatedOn], [CreatedBy], [LastModifiedOn], [LastModifiedBy]) VALUES (105, 40, N'Edition', 1, N'Single', CAST(N'2019-01-24T18:05:15.453' AS DateTime), 5, NULL, NULL)
INSERT [dbo].[AssetTypeSpecification] ([Id], [AssetTypeId], [Name], [IsActive], [ValueType], [CreatedOn], [CreatedBy], [LastModifiedOn], [LastModifiedBy]) VALUES (106, 40, N'Product Key', 1, N'Single', CAST(N'2019-01-24T18:05:15.457' AS DateTime), 5, NULL, NULL)
INSERT [dbo].[AssetTypeSpecification] ([Id], [AssetTypeId], [Name], [IsActive], [ValueType], [CreatedOn], [CreatedBy], [LastModifiedOn], [LastModifiedBy]) VALUES (107, 40, N'Project', 1, N'Single', CAST(N'2019-01-24T18:05:15.457' AS DateTime), 5, NULL, NULL)
INSERT [dbo].[AssetTypeSpecification] ([Id], [AssetTypeId], [Name], [IsActive], [ValueType], [CreatedOn], [CreatedBy], [LastModifiedOn], [LastModifiedBy]) VALUES (108, 40, N'Vendor Name', 1, N'Single', CAST(N'2019-01-24T18:05:15.457' AS DateTime), 5, NULL, NULL)
INSERT [dbo].[AssetTypeSpecification] ([Id], [AssetTypeId], [Name], [IsActive], [ValueType], [CreatedOn], [CreatedBy], [LastModifiedOn], [LastModifiedBy]) VALUES (109, 40, N'Remarks', 1, N'Single', CAST(N'2019-01-24T18:05:15.457' AS DateTime), 5, NULL, NULL)
INSERT [dbo].[AssetTypeSpecification] ([Id], [AssetTypeId], [Name], [IsActive], [ValueType], [CreatedOn], [CreatedBy], [LastModifiedOn], [LastModifiedBy]) VALUES (110, 41, N'Manufacturer', 1, N'Single', CAST(N'2019-01-25T17:25:47.960' AS DateTime), 5, NULL, NULL)
INSERT [dbo].[AssetTypeSpecification] ([Id], [AssetTypeId], [Name], [IsActive], [ValueType], [CreatedOn], [CreatedBy], [LastModifiedOn], [LastModifiedBy]) VALUES (111, 41, N'Version', 1, N'Single', CAST(N'2019-01-25T17:25:47.973' AS DateTime), 5, NULL, NULL)
INSERT [dbo].[AssetTypeSpecification] ([Id], [AssetTypeId], [Name], [IsActive], [ValueType], [CreatedOn], [CreatedBy], [LastModifiedOn], [LastModifiedBy]) VALUES (112, 41, N'Edition', 1, N'Single', CAST(N'2019-01-25T17:25:47.980' AS DateTime), 5, NULL, NULL)
INSERT [dbo].[AssetTypeSpecification] ([Id], [AssetTypeId], [Name], [IsActive], [ValueType], [CreatedOn], [CreatedBy], [LastModifiedOn], [LastModifiedBy]) VALUES (113, 41, N'Product Key', 1, N'Single', CAST(N'2019-01-25T17:25:47.983' AS DateTime), 5, NULL, NULL)
INSERT [dbo].[AssetTypeSpecification] ([Id], [AssetTypeId], [Name], [IsActive], [ValueType], [CreatedOn], [CreatedBy], [LastModifiedOn], [LastModifiedBy]) VALUES (114, 41, N'Project', 1, N'Single', CAST(N'2019-01-25T17:25:47.983' AS DateTime), 5, NULL, NULL)
INSERT [dbo].[AssetTypeSpecification] ([Id], [AssetTypeId], [Name], [IsActive], [ValueType], [CreatedOn], [CreatedBy], [LastModifiedOn], [LastModifiedBy]) VALUES (115, 41, N'Vendor Name', 1, N'Single', CAST(N'2019-01-25T17:25:47.983' AS DateTime), 5, NULL, NULL)
INSERT [dbo].[AssetTypeSpecification] ([Id], [AssetTypeId], [Name], [IsActive], [ValueType], [CreatedOn], [CreatedBy], [LastModifiedOn], [LastModifiedBy]) VALUES (116, 41, N'Remarks', 1, N'Single', CAST(N'2019-01-25T17:25:47.983' AS DateTime), 5, NULL, NULL)
GO
INSERT [dbo].[AssetTypeSpecification] ([Id], [AssetTypeId], [Name], [IsActive], [ValueType], [CreatedOn], [CreatedBy], [LastModifiedOn], [LastModifiedBy]) VALUES (117, 42, N'Manufacturer', 1, N'Single', CAST(N'2019-01-25T17:26:12.283' AS DateTime), 5, NULL, NULL)
INSERT [dbo].[AssetTypeSpecification] ([Id], [AssetTypeId], [Name], [IsActive], [ValueType], [CreatedOn], [CreatedBy], [LastModifiedOn], [LastModifiedBy]) VALUES (118, 42, N'Version', 1, N'Single', CAST(N'2019-01-25T17:26:12.310' AS DateTime), 5, NULL, NULL)
INSERT [dbo].[AssetTypeSpecification] ([Id], [AssetTypeId], [Name], [IsActive], [ValueType], [CreatedOn], [CreatedBy], [LastModifiedOn], [LastModifiedBy]) VALUES (119, 42, N'Edition', 1, N'Single', CAST(N'2019-01-25T17:26:12.310' AS DateTime), 5, NULL, NULL)
INSERT [dbo].[AssetTypeSpecification] ([Id], [AssetTypeId], [Name], [IsActive], [ValueType], [CreatedOn], [CreatedBy], [LastModifiedOn], [LastModifiedBy]) VALUES (120, 42, N'Product Key', 1, N'Single', CAST(N'2019-01-25T17:26:12.310' AS DateTime), 5, NULL, NULL)
INSERT [dbo].[AssetTypeSpecification] ([Id], [AssetTypeId], [Name], [IsActive], [ValueType], [CreatedOn], [CreatedBy], [LastModifiedOn], [LastModifiedBy]) VALUES (121, 42, N'Project', 1, N'Single', CAST(N'2019-01-25T17:26:12.310' AS DateTime), 5, NULL, NULL)
INSERT [dbo].[AssetTypeSpecification] ([Id], [AssetTypeId], [Name], [IsActive], [ValueType], [CreatedOn], [CreatedBy], [LastModifiedOn], [LastModifiedBy]) VALUES (122, 42, N'Vendor Name', 1, N'Single', CAST(N'2019-01-25T17:26:12.310' AS DateTime), 5, NULL, NULL)
INSERT [dbo].[AssetTypeSpecification] ([Id], [AssetTypeId], [Name], [IsActive], [ValueType], [CreatedOn], [CreatedBy], [LastModifiedOn], [LastModifiedBy]) VALUES (123, 42, N'Remarks', 1, N'Single', CAST(N'2019-01-25T17:26:12.313' AS DateTime), 5, NULL, NULL)
INSERT [dbo].[AssetTypeSpecification] ([Id], [AssetTypeId], [Name], [IsActive], [ValueType], [CreatedOn], [CreatedBy], [LastModifiedOn], [LastModifiedBy]) VALUES (124, 43, N'Manufacturer', 1, N'Single', CAST(N'2019-01-25T17:26:38.640' AS DateTime), 5, NULL, NULL)
INSERT [dbo].[AssetTypeSpecification] ([Id], [AssetTypeId], [Name], [IsActive], [ValueType], [CreatedOn], [CreatedBy], [LastModifiedOn], [LastModifiedBy]) VALUES (125, 43, N'Version', 1, N'Single', CAST(N'2019-01-25T17:26:38.640' AS DateTime), 5, NULL, NULL)
INSERT [dbo].[AssetTypeSpecification] ([Id], [AssetTypeId], [Name], [IsActive], [ValueType], [CreatedOn], [CreatedBy], [LastModifiedOn], [LastModifiedBy]) VALUES (126, 43, N'Edition', 1, N'Single', CAST(N'2019-01-25T17:26:38.640' AS DateTime), 5, NULL, NULL)
INSERT [dbo].[AssetTypeSpecification] ([Id], [AssetTypeId], [Name], [IsActive], [ValueType], [CreatedOn], [CreatedBy], [LastModifiedOn], [LastModifiedBy]) VALUES (127, 43, N'Product Key', 1, N'Single', CAST(N'2019-01-25T17:26:38.640' AS DateTime), 5, NULL, NULL)
INSERT [dbo].[AssetTypeSpecification] ([Id], [AssetTypeId], [Name], [IsActive], [ValueType], [CreatedOn], [CreatedBy], [LastModifiedOn], [LastModifiedBy]) VALUES (128, 43, N'Project', 1, N'Single', CAST(N'2019-01-25T17:26:38.640' AS DateTime), 5, NULL, NULL)
INSERT [dbo].[AssetTypeSpecification] ([Id], [AssetTypeId], [Name], [IsActive], [ValueType], [CreatedOn], [CreatedBy], [LastModifiedOn], [LastModifiedBy]) VALUES (129, 43, N'Vendor Name', 1, N'Single', CAST(N'2019-01-25T17:26:38.640' AS DateTime), 5, NULL, NULL)
INSERT [dbo].[AssetTypeSpecification] ([Id], [AssetTypeId], [Name], [IsActive], [ValueType], [CreatedOn], [CreatedBy], [LastModifiedOn], [LastModifiedBy]) VALUES (130, 43, N'Remarks', 1, N'Single', CAST(N'2019-01-25T17:26:38.643' AS DateTime), 5, NULL, NULL)
INSERT [dbo].[AssetTypeSpecification] ([Id], [AssetTypeId], [Name], [IsActive], [ValueType], [CreatedOn], [CreatedBy], [LastModifiedOn], [LastModifiedBy]) VALUES (131, 44, N'Manufacturer', 1, N'Single', CAST(N'2019-01-25T17:26:53.490' AS DateTime), 5, NULL, NULL)
INSERT [dbo].[AssetTypeSpecification] ([Id], [AssetTypeId], [Name], [IsActive], [ValueType], [CreatedOn], [CreatedBy], [LastModifiedOn], [LastModifiedBy]) VALUES (132, 44, N'Version', 1, N'Single', CAST(N'2019-01-25T17:26:53.490' AS DateTime), 5, NULL, NULL)
INSERT [dbo].[AssetTypeSpecification] ([Id], [AssetTypeId], [Name], [IsActive], [ValueType], [CreatedOn], [CreatedBy], [LastModifiedOn], [LastModifiedBy]) VALUES (133, 44, N'Edition', 1, N'Single', CAST(N'2019-01-25T17:26:53.490' AS DateTime), 5, NULL, NULL)
INSERT [dbo].[AssetTypeSpecification] ([Id], [AssetTypeId], [Name], [IsActive], [ValueType], [CreatedOn], [CreatedBy], [LastModifiedOn], [LastModifiedBy]) VALUES (134, 44, N'Product Key', 1, N'Single', CAST(N'2019-01-25T17:26:53.490' AS DateTime), 5, NULL, NULL)
INSERT [dbo].[AssetTypeSpecification] ([Id], [AssetTypeId], [Name], [IsActive], [ValueType], [CreatedOn], [CreatedBy], [LastModifiedOn], [LastModifiedBy]) VALUES (135, 44, N'Project', 1, N'Single', CAST(N'2019-01-25T17:26:53.490' AS DateTime), 5, NULL, NULL)
INSERT [dbo].[AssetTypeSpecification] ([Id], [AssetTypeId], [Name], [IsActive], [ValueType], [CreatedOn], [CreatedBy], [LastModifiedOn], [LastModifiedBy]) VALUES (136, 44, N'Vendor Name', 1, N'Single', CAST(N'2019-01-25T17:26:53.493' AS DateTime), 5, NULL, NULL)
INSERT [dbo].[AssetTypeSpecification] ([Id], [AssetTypeId], [Name], [IsActive], [ValueType], [CreatedOn], [CreatedBy], [LastModifiedOn], [LastModifiedBy]) VALUES (137, 44, N'Remarks', 1, N'Single', CAST(N'2019-01-25T17:26:53.493' AS DateTime), 5, NULL, NULL)
INSERT [dbo].[AssetTypeSpecification] ([Id], [AssetTypeId], [Name], [IsActive], [ValueType], [CreatedOn], [CreatedBy], [LastModifiedOn], [LastModifiedBy]) VALUES (138, 45, N'Manufacturer', 1, N'Single', CAST(N'2019-01-25T17:27:15.383' AS DateTime), 5, NULL, NULL)
INSERT [dbo].[AssetTypeSpecification] ([Id], [AssetTypeId], [Name], [IsActive], [ValueType], [CreatedOn], [CreatedBy], [LastModifiedOn], [LastModifiedBy]) VALUES (139, 45, N'Version', 1, N'Single', CAST(N'2019-01-25T17:27:15.383' AS DateTime), 5, NULL, NULL)
INSERT [dbo].[AssetTypeSpecification] ([Id], [AssetTypeId], [Name], [IsActive], [ValueType], [CreatedOn], [CreatedBy], [LastModifiedOn], [LastModifiedBy]) VALUES (140, 45, N'Edition', 1, N'Single', CAST(N'2019-01-25T17:27:15.383' AS DateTime), 5, NULL, NULL)
INSERT [dbo].[AssetTypeSpecification] ([Id], [AssetTypeId], [Name], [IsActive], [ValueType], [CreatedOn], [CreatedBy], [LastModifiedOn], [LastModifiedBy]) VALUES (141, 45, N'Product Key', 1, N'Single', CAST(N'2019-01-25T17:27:15.383' AS DateTime), 5, NULL, NULL)
INSERT [dbo].[AssetTypeSpecification] ([Id], [AssetTypeId], [Name], [IsActive], [ValueType], [CreatedOn], [CreatedBy], [LastModifiedOn], [LastModifiedBy]) VALUES (142, 45, N'Project', 1, N'Single', CAST(N'2019-01-25T17:27:15.383' AS DateTime), 5, NULL, NULL)
INSERT [dbo].[AssetTypeSpecification] ([Id], [AssetTypeId], [Name], [IsActive], [ValueType], [CreatedOn], [CreatedBy], [LastModifiedOn], [LastModifiedBy]) VALUES (143, 45, N'Vendor Name', 1, N'Single', CAST(N'2019-01-25T17:27:15.383' AS DateTime), 5, NULL, NULL)
INSERT [dbo].[AssetTypeSpecification] ([Id], [AssetTypeId], [Name], [IsActive], [ValueType], [CreatedOn], [CreatedBy], [LastModifiedOn], [LastModifiedBy]) VALUES (144, 45, N'Remarks', 1, N'Single', CAST(N'2019-01-25T17:27:15.387' AS DateTime), 5, NULL, NULL)
INSERT [dbo].[AssetTypeSpecification] ([Id], [AssetTypeId], [Name], [IsActive], [ValueType], [CreatedOn], [CreatedBy], [LastModifiedOn], [LastModifiedBy]) VALUES (145, 46, N'Manufacturer', 1, N'Single', CAST(N'2019-01-25T17:27:55.560' AS DateTime), 5, NULL, NULL)
INSERT [dbo].[AssetTypeSpecification] ([Id], [AssetTypeId], [Name], [IsActive], [ValueType], [CreatedOn], [CreatedBy], [LastModifiedOn], [LastModifiedBy]) VALUES (146, 46, N'Version', 1, N'Single', CAST(N'2019-01-25T17:27:55.560' AS DateTime), 5, NULL, NULL)
INSERT [dbo].[AssetTypeSpecification] ([Id], [AssetTypeId], [Name], [IsActive], [ValueType], [CreatedOn], [CreatedBy], [LastModifiedOn], [LastModifiedBy]) VALUES (147, 46, N'Edition', 1, N'Single', CAST(N'2019-01-25T17:27:55.560' AS DateTime), 5, NULL, NULL)
INSERT [dbo].[AssetTypeSpecification] ([Id], [AssetTypeId], [Name], [IsActive], [ValueType], [CreatedOn], [CreatedBy], [LastModifiedOn], [LastModifiedBy]) VALUES (148, 46, N'Product Key', 1, N'Single', CAST(N'2019-01-25T17:27:55.560' AS DateTime), 5, NULL, NULL)
INSERT [dbo].[AssetTypeSpecification] ([Id], [AssetTypeId], [Name], [IsActive], [ValueType], [CreatedOn], [CreatedBy], [LastModifiedOn], [LastModifiedBy]) VALUES (149, 46, N'Project', 1, N'Single', CAST(N'2019-01-25T17:27:55.560' AS DateTime), 5, NULL, NULL)
INSERT [dbo].[AssetTypeSpecification] ([Id], [AssetTypeId], [Name], [IsActive], [ValueType], [CreatedOn], [CreatedBy], [LastModifiedOn], [LastModifiedBy]) VALUES (150, 46, N'Vendor Name', 1, N'Single', CAST(N'2019-01-25T17:27:55.560' AS DateTime), 5, NULL, NULL)
INSERT [dbo].[AssetTypeSpecification] ([Id], [AssetTypeId], [Name], [IsActive], [ValueType], [CreatedOn], [CreatedBy], [LastModifiedOn], [LastModifiedBy]) VALUES (151, 46, N'Remarks', 1, N'Single', CAST(N'2019-01-25T17:27:55.563' AS DateTime), 5, NULL, NULL)
INSERT [dbo].[AssetTypeSpecification] ([Id], [AssetTypeId], [Name], [IsActive], [ValueType], [CreatedOn], [CreatedBy], [LastModifiedOn], [LastModifiedBy]) VALUES (152, 47, N'Manufacturer', 1, N'Single', CAST(N'2019-01-25T17:28:09.200' AS DateTime), 5, NULL, NULL)
INSERT [dbo].[AssetTypeSpecification] ([Id], [AssetTypeId], [Name], [IsActive], [ValueType], [CreatedOn], [CreatedBy], [LastModifiedOn], [LastModifiedBy]) VALUES (153, 47, N'Version', 1, N'Single', CAST(N'2019-01-25T17:28:09.200' AS DateTime), 5, NULL, NULL)
INSERT [dbo].[AssetTypeSpecification] ([Id], [AssetTypeId], [Name], [IsActive], [ValueType], [CreatedOn], [CreatedBy], [LastModifiedOn], [LastModifiedBy]) VALUES (154, 47, N'Edition', 1, N'Single', CAST(N'2019-01-25T17:28:09.200' AS DateTime), 5, NULL, NULL)
INSERT [dbo].[AssetTypeSpecification] ([Id], [AssetTypeId], [Name], [IsActive], [ValueType], [CreatedOn], [CreatedBy], [LastModifiedOn], [LastModifiedBy]) VALUES (155, 47, N'Product Key', 1, N'Single', CAST(N'2019-01-25T17:28:09.200' AS DateTime), 5, NULL, NULL)
INSERT [dbo].[AssetTypeSpecification] ([Id], [AssetTypeId], [Name], [IsActive], [ValueType], [CreatedOn], [CreatedBy], [LastModifiedOn], [LastModifiedBy]) VALUES (156, 47, N'Project', 1, N'Single', CAST(N'2019-01-25T17:28:09.200' AS DateTime), 5, NULL, NULL)
INSERT [dbo].[AssetTypeSpecification] ([Id], [AssetTypeId], [Name], [IsActive], [ValueType], [CreatedOn], [CreatedBy], [LastModifiedOn], [LastModifiedBy]) VALUES (157, 47, N'Vendor Name', 1, N'Single', CAST(N'2019-01-25T17:28:09.200' AS DateTime), 5, NULL, NULL)
INSERT [dbo].[AssetTypeSpecification] ([Id], [AssetTypeId], [Name], [IsActive], [ValueType], [CreatedOn], [CreatedBy], [LastModifiedOn], [LastModifiedBy]) VALUES (158, 47, N'Remarks', 1, N'Single', CAST(N'2019-01-25T17:28:09.200' AS DateTime), 5, NULL, NULL)
INSERT [dbo].[AssetTypeSpecification] ([Id], [AssetTypeId], [Name], [IsActive], [ValueType], [CreatedOn], [CreatedBy], [LastModifiedOn], [LastModifiedBy]) VALUES (159, 48, N'Manufacturer', 1, N'Single', CAST(N'2019-01-25T17:28:24.003' AS DateTime), 5, NULL, NULL)
INSERT [dbo].[AssetTypeSpecification] ([Id], [AssetTypeId], [Name], [IsActive], [ValueType], [CreatedOn], [CreatedBy], [LastModifiedOn], [LastModifiedBy]) VALUES (160, 48, N'Version', 1, N'Single', CAST(N'2019-01-25T17:28:24.007' AS DateTime), 5, NULL, NULL)
INSERT [dbo].[AssetTypeSpecification] ([Id], [AssetTypeId], [Name], [IsActive], [ValueType], [CreatedOn], [CreatedBy], [LastModifiedOn], [LastModifiedBy]) VALUES (161, 48, N'Edition', 1, N'Single', CAST(N'2019-01-25T17:28:24.007' AS DateTime), 5, NULL, NULL)
INSERT [dbo].[AssetTypeSpecification] ([Id], [AssetTypeId], [Name], [IsActive], [ValueType], [CreatedOn], [CreatedBy], [LastModifiedOn], [LastModifiedBy]) VALUES (162, 48, N'Product Key', 1, N'Single', CAST(N'2019-01-25T17:28:24.007' AS DateTime), 5, NULL, NULL)
INSERT [dbo].[AssetTypeSpecification] ([Id], [AssetTypeId], [Name], [IsActive], [ValueType], [CreatedOn], [CreatedBy], [LastModifiedOn], [LastModifiedBy]) VALUES (163, 48, N'Project', 1, N'Single', CAST(N'2019-01-25T17:28:24.007' AS DateTime), 5, NULL, NULL)
INSERT [dbo].[AssetTypeSpecification] ([Id], [AssetTypeId], [Name], [IsActive], [ValueType], [CreatedOn], [CreatedBy], [LastModifiedOn], [LastModifiedBy]) VALUES (164, 48, N'Vendor Name', 1, N'Single', CAST(N'2019-01-25T17:28:24.007' AS DateTime), 5, NULL, NULL)
INSERT [dbo].[AssetTypeSpecification] ([Id], [AssetTypeId], [Name], [IsActive], [ValueType], [CreatedOn], [CreatedBy], [LastModifiedOn], [LastModifiedBy]) VALUES (165, 48, N'Remarks', 1, N'Single', CAST(N'2019-01-25T17:28:24.007' AS DateTime), 5, NULL, NULL)
INSERT [dbo].[AssetTypeSpecification] ([Id], [AssetTypeId], [Name], [IsActive], [ValueType], [CreatedOn], [CreatedBy], [LastModifiedOn], [LastModifiedBy]) VALUES (166, 49, N'Manufacturer', 1, N'Single', CAST(N'2019-01-25T17:28:46.360' AS DateTime), 5, NULL, NULL)
INSERT [dbo].[AssetTypeSpecification] ([Id], [AssetTypeId], [Name], [IsActive], [ValueType], [CreatedOn], [CreatedBy], [LastModifiedOn], [LastModifiedBy]) VALUES (167, 49, N'Version', 1, N'Single', CAST(N'2019-01-25T17:28:46.360' AS DateTime), 5, NULL, NULL)
INSERT [dbo].[AssetTypeSpecification] ([Id], [AssetTypeId], [Name], [IsActive], [ValueType], [CreatedOn], [CreatedBy], [LastModifiedOn], [LastModifiedBy]) VALUES (168, 49, N'Edition', 1, N'Single', CAST(N'2019-01-25T17:28:46.360' AS DateTime), 5, NULL, NULL)
INSERT [dbo].[AssetTypeSpecification] ([Id], [AssetTypeId], [Name], [IsActive], [ValueType], [CreatedOn], [CreatedBy], [LastModifiedOn], [LastModifiedBy]) VALUES (169, 49, N'Product Key', 1, N'Single', CAST(N'2019-01-25T17:28:46.360' AS DateTime), 5, NULL, NULL)
INSERT [dbo].[AssetTypeSpecification] ([Id], [AssetTypeId], [Name], [IsActive], [ValueType], [CreatedOn], [CreatedBy], [LastModifiedOn], [LastModifiedBy]) VALUES (170, 49, N'Project', 1, N'Single', CAST(N'2019-01-25T17:28:46.360' AS DateTime), 5, NULL, NULL)
INSERT [dbo].[AssetTypeSpecification] ([Id], [AssetTypeId], [Name], [IsActive], [ValueType], [CreatedOn], [CreatedBy], [LastModifiedOn], [LastModifiedBy]) VALUES (171, 49, N'Vendor Name', 1, N'Single', CAST(N'2019-01-25T17:28:46.360' AS DateTime), 5, NULL, NULL)
INSERT [dbo].[AssetTypeSpecification] ([Id], [AssetTypeId], [Name], [IsActive], [ValueType], [CreatedOn], [CreatedBy], [LastModifiedOn], [LastModifiedBy]) VALUES (172, 49, N'Remarks', 1, N'Single', CAST(N'2019-01-25T17:28:46.360' AS DateTime), 5, NULL, NULL)
INSERT [dbo].[AssetTypeSpecification] ([Id], [AssetTypeId], [Name], [IsActive], [ValueType], [CreatedOn], [CreatedBy], [LastModifiedOn], [LastModifiedBy]) VALUES (173, 50, N'Normal keyboard', 1, N'Single', CAST(N'2019-08-05T16:54:01.320' AS DateTime), 5, NULL, NULL)
SET IDENTITY_INSERT [dbo].[AssetTypeSpecification] OFF
SET IDENTITY_INSERT [dbo].[AssetVendors] ON 

INSERT [dbo].[AssetVendors] ([Id], [Name], [ContactPerson], [AddressLine1], [AddressLine2], [Area], [City], [Pincode], [State], [MobileNo], [Email], [LandLineNo], [IsActive], [CreatedOn], [CreatedBy], [LastModifiedOn], [LastModifiedBy]) VALUES (1, N'Dell', N'Neha Gupta', N'Dell International Services India Pvt.,Ltd, DIVYASHREE GREENS,', N'Bill From NO 12/1, 12/2A, 13/1A,VARTHUR HOBLICHALLAGHATTA VILLAGE,', N'Inner ring Road', N'Bangalore', N'560071', N'Karnataka', N'9560038272', N'Neha.Gupta5@dell.com', N'+91 80-25103348', 1, CAST(N'2018-09-22T13:14:35.553' AS DateTime), 1, NULL, NULL)
INSERT [dbo].[AssetVendors] ([Id], [Name], [ContactPerson], [AddressLine1], [AddressLine2], [Area], [City], [Pincode], [State], [MobileNo], [Email], [LandLineNo], [IsActive], [CreatedOn], [CreatedBy], [LastModifiedOn], [LastModifiedBy]) VALUES (2, N'Blue Harp Technologies', N'Praveen', N'No.102/1, 1st floor, 17th C Main,5th block,', NULL, N'Koramangala', N'Bangalore', N'560034', N'Karnataka', N'9788563083', N'praveen@blueharptech.com;ravichandran@blueharptech.com', N'8046609191', 1, CAST(N'2018-09-22T13:14:35.560' AS DateTime), 1, NULL, NULL)
INSERT [dbo].[AssetVendors] ([Id], [Name], [ContactPerson], [AddressLine1], [AddressLine2], [Area], [City], [Pincode], [State], [MobileNo], [Email], [LandLineNo], [IsActive], [CreatedOn], [CreatedBy], [LastModifiedOn], [LastModifiedBy]) VALUES (3, N'Computer Factory', N'Robert', N'No.705, 2nd floor,Continental Plaza,', NULL, N'Thousand Lights', N'Chennai', N'600006', N'Tamilnadu', N'9840928422', N'robert@cfindia.net;venkatesh@cfindia.net', N'044 - 28297701/02/13', 1, CAST(N'2018-09-22T13:14:35.560' AS DateTime), 1, NULL, NULL)
INSERT [dbo].[AssetVendors] ([Id], [Name], [ContactPerson], [AddressLine1], [AddressLine2], [Area], [City], [Pincode], [State], [MobileNo], [Email], [LandLineNo], [IsActive], [CreatedOn], [CreatedBy], [LastModifiedOn], [LastModifiedBy]) VALUES (4, N'Twice Digitale Pvt Ltd', NULL, N'79, Lattice Bridge Road, Adyar,', NULL, N'Adyar', N'Chennai', N'600020', N'Tamilnadu', N'9788563083', N'sales@twice.in', N'044 - 42133337', 1, CAST(N'2018-09-22T13:14:35.560' AS DateTime), 1, NULL, NULL)
INSERT [dbo].[AssetVendors] ([Id], [Name], [ContactPerson], [AddressLine1], [AddressLine2], [Area], [City], [Pincode], [State], [MobileNo], [Email], [LandLineNo], [IsActive], [CreatedOn], [CreatedBy], [LastModifiedOn], [LastModifiedBy]) VALUES (5, N'Ingenius Technologies Pvt Ltd', N'Yuvaraj Adhikesavan', N'Old No.6, New No.7 & 8, South Street,', NULL, N'West CIT Nagar', N'Chennai', N'600035', N'Tamilnadu', N'9788563083', N'praveen@blueharptech.com;ravichandran@blueharptech.com', N'8046609191', 1, CAST(N'2018-09-22T13:14:35.563' AS DateTime), 1, NULL, NULL)
INSERT [dbo].[AssetVendors] ([Id], [Name], [ContactPerson], [AddressLine1], [AddressLine2], [Area], [City], [Pincode], [State], [MobileNo], [Email], [LandLineNo], [IsActive], [CreatedOn], [CreatedBy], [LastModifiedOn], [LastModifiedBy]) VALUES (6, N'Mercy Electronics', N'dsfa', N'No:94, First Floor', N'VGP Srinivasa Nagar North, 7th Cross', N'rajakilpakkam', N'Chennai', N'600073', N'Tamil Nadu', N'997648732', N'test@sfa.com', N'', 0, CAST(N'2018-09-22T14:32:34.513' AS DateTime), 5, CAST(N'2018-09-22T14:32:43.513' AS DateTime), 5)
SET IDENTITY_INSERT [dbo].[AssetVendors] OFF
SET IDENTITY_INSERT [dbo].[Employee] ON 

INSERT [dbo].[Employee] ([UserId], [EmployeeId], [LoginId], [OfficeId], [FirstName], [LastName], [EmailAddress], [MobileNumber], [Gender], [AvatarUrl], [ReportingToId], [OfficeHolidayId], [EmployeeRoleId], [IsHandleMembers], [IsInProbationaryPeriod], [CanAvailYearlyLeave], [IsActive], [CreatedBy], [CreatedOn], [ModifiedBy], [ModifiedOn], [ShiftID], [CardID], [DOJ], [ConfirmationDate], [RelievingDate]) VALUES (1, N'004', NULL, NULL, N'SureshBabu', N'Viswanathan', N'SViswanathan@nltechdev.com', NULL, N'M', NULL, NULL, NULL, NULL, NULL, NULL, NULL, 1, 1, CAST(N'2018-09-22T13:14:35.340' AS DateTime), -1, CAST(N'1800-01-01T00:00:00.000' AS DateTime), NULL, NULL, NULL, NULL, NULL)
INSERT [dbo].[Employee] ([UserId], [EmployeeId], [LoginId], [OfficeId], [FirstName], [LastName], [EmailAddress], [MobileNumber], [Gender], [AvatarUrl], [ReportingToId], [OfficeHolidayId], [EmployeeRoleId], [IsHandleMembers], [IsInProbationaryPeriod], [CanAvailYearlyLeave], [IsActive], [CreatedBy], [CreatedOn], [ModifiedBy], [ModifiedOn], [ShiftID], [CardID], [DOJ], [ConfirmationDate], [RelievingDate]) VALUES (2, N'011', NULL, NULL, N'Mohanram', N'RJ', N'RJMohanram@nltechdev.com', NULL, N'M', NULL, NULL, NULL, NULL, NULL, NULL, NULL, 1, 1, CAST(N'2018-09-22T13:14:35.347' AS DateTime), -1, CAST(N'1800-01-01T00:00:00.000' AS DateTime), NULL, NULL, NULL, NULL, NULL)
INSERT [dbo].[Employee] ([UserId], [EmployeeId], [LoginId], [OfficeId], [FirstName], [LastName], [EmailAddress], [MobileNumber], [Gender], [AvatarUrl], [ReportingToId], [OfficeHolidayId], [EmployeeRoleId], [IsHandleMembers], [IsInProbationaryPeriod], [CanAvailYearlyLeave], [IsActive], [CreatedBy], [CreatedOn], [ModifiedBy], [ModifiedOn], [ShiftID], [CardID], [DOJ], [ConfirmationDate], [RelievingDate]) VALUES (3, N'017', NULL, NULL, N'Aravindh', N'Raj', N'aravindhrajb@nltechdev.com', NULL, N'M', NULL, NULL, NULL, NULL, NULL, NULL, NULL, 1, 1, CAST(N'2018-09-22T13:14:35.347' AS DateTime), -1, CAST(N'1800-01-01T00:00:00.000' AS DateTime), NULL, NULL, NULL, NULL, NULL)
INSERT [dbo].[Employee] ([UserId], [EmployeeId], [LoginId], [OfficeId], [FirstName], [LastName], [EmailAddress], [MobileNumber], [Gender], [AvatarUrl], [ReportingToId], [OfficeHolidayId], [EmployeeRoleId], [IsHandleMembers], [IsInProbationaryPeriod], [CanAvailYearlyLeave], [IsActive], [CreatedBy], [CreatedOn], [ModifiedBy], [ModifiedOn], [ShiftID], [CardID], [DOJ], [ConfirmationDate], [RelievingDate]) VALUES (4, N'128', NULL, NULL, N'Uma', N'Mageswari', N'umas@nltechdev.com', NULL, N'F', NULL, NULL, NULL, NULL, NULL, NULL, NULL, 1, 1, CAST(N'2018-09-22T13:14:35.347' AS DateTime), -1, CAST(N'1800-01-01T00:00:00.000' AS DateTime), NULL, NULL, NULL, NULL, NULL)
INSERT [dbo].[Employee] ([UserId], [EmployeeId], [LoginId], [OfficeId], [FirstName], [LastName], [EmailAddress], [MobileNumber], [Gender], [AvatarUrl], [ReportingToId], [OfficeHolidayId], [EmployeeRoleId], [IsHandleMembers], [IsInProbationaryPeriod], [CanAvailYearlyLeave], [IsActive], [CreatedBy], [CreatedOn], [ModifiedBy], [ModifiedOn], [ShiftID], [CardID], [DOJ], [ConfirmationDate], [RelievingDate]) VALUES (5, N'137', NULL, NULL, N'Danya', N'Subramanian', N'DSubramanian@nltechdev.com', NULL, N'F', NULL, NULL, NULL, NULL, NULL, NULL, NULL, 1, 1, CAST(N'2018-09-22T13:14:35.350' AS DateTime), -1, CAST(N'1800-01-01T00:00:00.000' AS DateTime), NULL, NULL, NULL, NULL, NULL)
INSERT [dbo].[Employee] ([UserId], [EmployeeId], [LoginId], [OfficeId], [FirstName], [LastName], [EmailAddress], [MobileNumber], [Gender], [AvatarUrl], [ReportingToId], [OfficeHolidayId], [EmployeeRoleId], [IsHandleMembers], [IsInProbationaryPeriod], [CanAvailYearlyLeave], [IsActive], [CreatedBy], [CreatedOn], [ModifiedBy], [ModifiedOn], [ShiftID], [CardID], [DOJ], [ConfirmationDate], [RelievingDate]) VALUES (6, N'001', NULL, NULL, N'Monish', N'Jain', N'mjain@nltechdev.com', NULL, N'M', NULL, NULL, NULL, NULL, NULL, NULL, NULL, 1, 1, CAST(N'2018-09-22T13:14:35.350' AS DateTime), -1, CAST(N'1800-01-01T00:00:00.000' AS DateTime), NULL, NULL, NULL, NULL, NULL)
INSERT [dbo].[Employee] ([UserId], [EmployeeId], [LoginId], [OfficeId], [FirstName], [LastName], [EmailAddress], [MobileNumber], [Gender], [AvatarUrl], [ReportingToId], [OfficeHolidayId], [EmployeeRoleId], [IsHandleMembers], [IsInProbationaryPeriod], [CanAvailYearlyLeave], [IsActive], [CreatedBy], [CreatedOn], [ModifiedBy], [ModifiedOn], [ShiftID], [CardID], [DOJ], [ConfirmationDate], [RelievingDate]) VALUES (7, N'002', NULL, NULL, N'Balamurugan', N'Nagarajan', N'bnagarajan@nltechdev.com', NULL, N'M', NULL, NULL, NULL, NULL, NULL, NULL, NULL, 1, 1, CAST(N'2018-09-22T13:14:35.353' AS DateTime), -1, CAST(N'1800-01-01T00:00:00.000' AS DateTime), NULL, NULL, NULL, NULL, NULL)
INSERT [dbo].[Employee] ([UserId], [EmployeeId], [LoginId], [OfficeId], [FirstName], [LastName], [EmailAddress], [MobileNumber], [Gender], [AvatarUrl], [ReportingToId], [OfficeHolidayId], [EmployeeRoleId], [IsHandleMembers], [IsInProbationaryPeriod], [CanAvailYearlyLeave], [IsActive], [CreatedBy], [CreatedOn], [ModifiedBy], [ModifiedOn], [ShiftID], [CardID], [DOJ], [ConfirmationDate], [RelievingDate]) VALUES (8, N'003', NULL, NULL, N'Ramakrishnaprasad', N'Kadali', N'rkadali@nltechdev.com', NULL, N'M', NULL, NULL, NULL, NULL, NULL, NULL, NULL, 1, 1, CAST(N'2018-09-22T13:14:35.353' AS DateTime), -1, CAST(N'1800-01-01T00:00:00.000' AS DateTime), NULL, NULL, NULL, NULL, NULL)
INSERT [dbo].[Employee] ([UserId], [EmployeeId], [LoginId], [OfficeId], [FirstName], [LastName], [EmailAddress], [MobileNumber], [Gender], [AvatarUrl], [ReportingToId], [OfficeHolidayId], [EmployeeRoleId], [IsHandleMembers], [IsInProbationaryPeriod], [CanAvailYearlyLeave], [IsActive], [CreatedBy], [CreatedOn], [ModifiedBy], [ModifiedOn], [ShiftID], [CardID], [DOJ], [ConfirmationDate], [RelievingDate]) VALUES (9, N'005', NULL, NULL, N'Lingeshwaran', N'Thulukkanam', N'lthulukkanam@nltechdev.com', NULL, N'M', NULL, NULL, NULL, NULL, NULL, NULL, NULL, 1, 1, CAST(N'2018-09-22T13:14:35.353' AS DateTime), -1, CAST(N'1800-01-01T00:00:00.000' AS DateTime), NULL, NULL, NULL, NULL, NULL)
INSERT [dbo].[Employee] ([UserId], [EmployeeId], [LoginId], [OfficeId], [FirstName], [LastName], [EmailAddress], [MobileNumber], [Gender], [AvatarUrl], [ReportingToId], [OfficeHolidayId], [EmployeeRoleId], [IsHandleMembers], [IsInProbationaryPeriod], [CanAvailYearlyLeave], [IsActive], [CreatedBy], [CreatedOn], [ModifiedBy], [ModifiedOn], [ShiftID], [CardID], [DOJ], [ConfirmationDate], [RelievingDate]) VALUES (10, N'009', NULL, NULL, N'Usha', N'Ramani', N'uramani@nltechdev.com', NULL, N'F', NULL, NULL, NULL, NULL, NULL, NULL, NULL, 1, 1, CAST(N'2018-09-22T13:14:35.357' AS DateTime), -1, CAST(N'1800-01-01T00:00:00.000' AS DateTime), NULL, NULL, NULL, NULL, NULL)
INSERT [dbo].[Employee] ([UserId], [EmployeeId], [LoginId], [OfficeId], [FirstName], [LastName], [EmailAddress], [MobileNumber], [Gender], [AvatarUrl], [ReportingToId], [OfficeHolidayId], [EmployeeRoleId], [IsHandleMembers], [IsInProbationaryPeriod], [CanAvailYearlyLeave], [IsActive], [CreatedBy], [CreatedOn], [ModifiedBy], [ModifiedOn], [ShiftID], [CardID], [DOJ], [ConfirmationDate], [RelievingDate]) VALUES (11, N'015', NULL, NULL, N'Shanmugaraja', N'Subbaiah', N'ssubbaiah@nltechdev.com', NULL, N'M', NULL, NULL, NULL, NULL, NULL, NULL, NULL, 1, 1, CAST(N'2018-09-22T13:14:35.357' AS DateTime), -1, CAST(N'1800-01-01T00:00:00.000' AS DateTime), NULL, NULL, NULL, NULL, NULL)
INSERT [dbo].[Employee] ([UserId], [EmployeeId], [LoginId], [OfficeId], [FirstName], [LastName], [EmailAddress], [MobileNumber], [Gender], [AvatarUrl], [ReportingToId], [OfficeHolidayId], [EmployeeRoleId], [IsHandleMembers], [IsInProbationaryPeriod], [CanAvailYearlyLeave], [IsActive], [CreatedBy], [CreatedOn], [ModifiedBy], [ModifiedOn], [ShiftID], [CardID], [DOJ], [ConfirmationDate], [RelievingDate]) VALUES (12, N'016', NULL, NULL, N'Arulraja', N'Mani', N'arulraja@nltechdev.com', NULL, N'M', NULL, NULL, NULL, NULL, NULL, NULL, NULL, 1, 1, CAST(N'2018-09-22T13:14:35.360' AS DateTime), -1, CAST(N'1800-01-01T00:00:00.000' AS DateTime), NULL, NULL, NULL, NULL, NULL)
INSERT [dbo].[Employee] ([UserId], [EmployeeId], [LoginId], [OfficeId], [FirstName], [LastName], [EmailAddress], [MobileNumber], [Gender], [AvatarUrl], [ReportingToId], [OfficeHolidayId], [EmployeeRoleId], [IsHandleMembers], [IsInProbationaryPeriod], [CanAvailYearlyLeave], [IsActive], [CreatedBy], [CreatedOn], [ModifiedBy], [ModifiedOn], [ShiftID], [CardID], [DOJ], [ConfirmationDate], [RelievingDate]) VALUES (13, N'019', NULL, NULL, N'Sreenivasan', N'Kamala Kannan', N'sreenivasank@nltechdev.com', NULL, N'M', NULL, NULL, NULL, NULL, NULL, NULL, NULL, 1, 1, CAST(N'2018-09-22T13:14:35.360' AS DateTime), -1, CAST(N'1800-01-01T00:00:00.000' AS DateTime), NULL, NULL, NULL, NULL, NULL)
INSERT [dbo].[Employee] ([UserId], [EmployeeId], [LoginId], [OfficeId], [FirstName], [LastName], [EmailAddress], [MobileNumber], [Gender], [AvatarUrl], [ReportingToId], [OfficeHolidayId], [EmployeeRoleId], [IsHandleMembers], [IsInProbationaryPeriod], [CanAvailYearlyLeave], [IsActive], [CreatedBy], [CreatedOn], [ModifiedBy], [ModifiedOn], [ShiftID], [CardID], [DOJ], [ConfirmationDate], [RelievingDate]) VALUES (14, N'020', NULL, NULL, N'Nirmala Devi', N'Pachaiyappan', N'nirmalap@nltechdev.com', NULL, N'F', NULL, NULL, NULL, NULL, NULL, NULL, NULL, 1, 1, CAST(N'2018-09-22T13:14:35.360' AS DateTime), -1, CAST(N'1800-01-01T00:00:00.000' AS DateTime), NULL, NULL, NULL, NULL, NULL)
INSERT [dbo].[Employee] ([UserId], [EmployeeId], [LoginId], [OfficeId], [FirstName], [LastName], [EmailAddress], [MobileNumber], [Gender], [AvatarUrl], [ReportingToId], [OfficeHolidayId], [EmployeeRoleId], [IsHandleMembers], [IsInProbationaryPeriod], [CanAvailYearlyLeave], [IsActive], [CreatedBy], [CreatedOn], [ModifiedBy], [ModifiedOn], [ShiftID], [CardID], [DOJ], [ConfirmationDate], [RelievingDate]) VALUES (15, N'021', NULL, NULL, N'Nivedha', N'Mohan Kumar', N'nivedham@nltechdev.com', NULL, N'F', NULL, NULL, NULL, NULL, NULL, NULL, NULL, 1, 1, CAST(N'2018-09-22T13:14:35.363' AS DateTime), -1, CAST(N'1800-01-01T00:00:00.000' AS DateTime), NULL, NULL, NULL, NULL, NULL)
INSERT [dbo].[Employee] ([UserId], [EmployeeId], [LoginId], [OfficeId], [FirstName], [LastName], [EmailAddress], [MobileNumber], [Gender], [AvatarUrl], [ReportingToId], [OfficeHolidayId], [EmployeeRoleId], [IsHandleMembers], [IsInProbationaryPeriod], [CanAvailYearlyLeave], [IsActive], [CreatedBy], [CreatedOn], [ModifiedBy], [ModifiedOn], [ShiftID], [CardID], [DOJ], [ConfirmationDate], [RelievingDate]) VALUES (16, N'023', NULL, NULL, N'Bhakta Vathsalam', N'Yalamjeri', N'bhaktay@nltechdev.com', NULL, N'M', NULL, NULL, NULL, NULL, NULL, NULL, NULL, 1, 1, CAST(N'2018-09-22T13:14:35.363' AS DateTime), -1, CAST(N'1800-01-01T00:00:00.000' AS DateTime), NULL, NULL, NULL, NULL, NULL)
INSERT [dbo].[Employee] ([UserId], [EmployeeId], [LoginId], [OfficeId], [FirstName], [LastName], [EmailAddress], [MobileNumber], [Gender], [AvatarUrl], [ReportingToId], [OfficeHolidayId], [EmployeeRoleId], [IsHandleMembers], [IsInProbationaryPeriod], [CanAvailYearlyLeave], [IsActive], [CreatedBy], [CreatedOn], [ModifiedBy], [ModifiedOn], [ShiftID], [CardID], [DOJ], [ConfirmationDate], [RelievingDate]) VALUES (17, N'027', NULL, NULL, N'Mohanraj', N'Gandhi', N'mohanrajg@nltechdev.com', NULL, N'M', NULL, NULL, NULL, NULL, NULL, NULL, NULL, 1, 1, CAST(N'2018-09-22T13:14:35.363' AS DateTime), -1, CAST(N'1800-01-01T00:00:00.000' AS DateTime), NULL, NULL, NULL, NULL, NULL)
INSERT [dbo].[Employee] ([UserId], [EmployeeId], [LoginId], [OfficeId], [FirstName], [LastName], [EmailAddress], [MobileNumber], [Gender], [AvatarUrl], [ReportingToId], [OfficeHolidayId], [EmployeeRoleId], [IsHandleMembers], [IsInProbationaryPeriod], [CanAvailYearlyLeave], [IsActive], [CreatedBy], [CreatedOn], [ModifiedBy], [ModifiedOn], [ShiftID], [CardID], [DOJ], [ConfirmationDate], [RelievingDate]) VALUES (18, N'029', NULL, NULL, N'Sivaramakrishnan', N'Sivasubramanian', N'sivas@nltechdev.com', NULL, N'M', NULL, NULL, NULL, NULL, NULL, NULL, NULL, 1, 1, CAST(N'2018-09-22T13:14:35.367' AS DateTime), -1, CAST(N'1800-01-01T00:00:00.000' AS DateTime), NULL, NULL, NULL, NULL, NULL)
INSERT [dbo].[Employee] ([UserId], [EmployeeId], [LoginId], [OfficeId], [FirstName], [LastName], [EmailAddress], [MobileNumber], [Gender], [AvatarUrl], [ReportingToId], [OfficeHolidayId], [EmployeeRoleId], [IsHandleMembers], [IsInProbationaryPeriod], [CanAvailYearlyLeave], [IsActive], [CreatedBy], [CreatedOn], [ModifiedBy], [ModifiedOn], [ShiftID], [CardID], [DOJ], [ConfirmationDate], [RelievingDate]) VALUES (19, N'030', NULL, NULL, N'Anitha', N'Murugesan', N'anitham@nltechdev.com', NULL, N'F', NULL, NULL, NULL, NULL, NULL, NULL, NULL, 1, 1, CAST(N'2018-09-22T13:14:35.367' AS DateTime), -1, CAST(N'1800-01-01T00:00:00.000' AS DateTime), NULL, NULL, NULL, NULL, NULL)
INSERT [dbo].[Employee] ([UserId], [EmployeeId], [LoginId], [OfficeId], [FirstName], [LastName], [EmailAddress], [MobileNumber], [Gender], [AvatarUrl], [ReportingToId], [OfficeHolidayId], [EmployeeRoleId], [IsHandleMembers], [IsInProbationaryPeriod], [CanAvailYearlyLeave], [IsActive], [CreatedBy], [CreatedOn], [ModifiedBy], [ModifiedOn], [ShiftID], [CardID], [DOJ], [ConfirmationDate], [RelievingDate]) VALUES (20, N'031', NULL, NULL, N'Ashutosh', N'Mishra', N'amishra@nltechdev.com', NULL, N'M', NULL, NULL, NULL, NULL, NULL, NULL, NULL, 1, 1, CAST(N'2018-09-22T13:14:35.370' AS DateTime), -1, CAST(N'1800-01-01T00:00:00.000' AS DateTime), NULL, NULL, NULL, NULL, NULL)
INSERT [dbo].[Employee] ([UserId], [EmployeeId], [LoginId], [OfficeId], [FirstName], [LastName], [EmailAddress], [MobileNumber], [Gender], [AvatarUrl], [ReportingToId], [OfficeHolidayId], [EmployeeRoleId], [IsHandleMembers], [IsInProbationaryPeriod], [CanAvailYearlyLeave], [IsActive], [CreatedBy], [CreatedOn], [ModifiedBy], [ModifiedOn], [ShiftID], [CardID], [DOJ], [ConfirmationDate], [RelievingDate]) VALUES (21, N'032', NULL, NULL, N'Aarthi', N'Shanmugam', N'ashanmugam@nltechdev.com', NULL, N'F', NULL, NULL, NULL, NULL, NULL, NULL, NULL, 1, 1, CAST(N'2018-09-22T13:14:35.370' AS DateTime), -1, CAST(N'1800-01-01T00:00:00.000' AS DateTime), NULL, NULL, NULL, NULL, NULL)
INSERT [dbo].[Employee] ([UserId], [EmployeeId], [LoginId], [OfficeId], [FirstName], [LastName], [EmailAddress], [MobileNumber], [Gender], [AvatarUrl], [ReportingToId], [OfficeHolidayId], [EmployeeRoleId], [IsHandleMembers], [IsInProbationaryPeriod], [CanAvailYearlyLeave], [IsActive], [CreatedBy], [CreatedOn], [ModifiedBy], [ModifiedOn], [ShiftID], [CardID], [DOJ], [ConfirmationDate], [RelievingDate]) VALUES (22, N'034', NULL, NULL, N'Rajganesh', N'Selvaraju', N'rajganeshs@nltechdev.com', NULL, N'M', NULL, NULL, NULL, NULL, NULL, NULL, NULL, 1, 1, CAST(N'2018-09-22T13:14:35.370' AS DateTime), -1, CAST(N'1800-01-01T00:00:00.000' AS DateTime), NULL, NULL, NULL, NULL, NULL)
INSERT [dbo].[Employee] ([UserId], [EmployeeId], [LoginId], [OfficeId], [FirstName], [LastName], [EmailAddress], [MobileNumber], [Gender], [AvatarUrl], [ReportingToId], [OfficeHolidayId], [EmployeeRoleId], [IsHandleMembers], [IsInProbationaryPeriod], [CanAvailYearlyLeave], [IsActive], [CreatedBy], [CreatedOn], [ModifiedBy], [ModifiedOn], [ShiftID], [CardID], [DOJ], [ConfirmationDate], [RelievingDate]) VALUES (23, N'038', NULL, NULL, N'Varun Sagayam', N'John', N'varunj@nltechdev.com', NULL, N'M', NULL, NULL, NULL, NULL, NULL, NULL, NULL, 1, 1, CAST(N'2018-09-22T13:14:35.373' AS DateTime), -1, CAST(N'1800-01-01T00:00:00.000' AS DateTime), NULL, NULL, NULL, NULL, NULL)
INSERT [dbo].[Employee] ([UserId], [EmployeeId], [LoginId], [OfficeId], [FirstName], [LastName], [EmailAddress], [MobileNumber], [Gender], [AvatarUrl], [ReportingToId], [OfficeHolidayId], [EmployeeRoleId], [IsHandleMembers], [IsInProbationaryPeriod], [CanAvailYearlyLeave], [IsActive], [CreatedBy], [CreatedOn], [ModifiedBy], [ModifiedOn], [ShiftID], [CardID], [DOJ], [ConfirmationDate], [RelievingDate]) VALUES (24, N'039', NULL, NULL, N'Suganya', N'Sabapathi', N'suganyas@nltechdev.com', NULL, N'F', NULL, NULL, NULL, NULL, NULL, NULL, NULL, 1, 1, CAST(N'2018-09-22T13:14:35.373' AS DateTime), -1, CAST(N'1800-01-01T00:00:00.000' AS DateTime), NULL, NULL, NULL, NULL, NULL)
INSERT [dbo].[Employee] ([UserId], [EmployeeId], [LoginId], [OfficeId], [FirstName], [LastName], [EmailAddress], [MobileNumber], [Gender], [AvatarUrl], [ReportingToId], [OfficeHolidayId], [EmployeeRoleId], [IsHandleMembers], [IsInProbationaryPeriod], [CanAvailYearlyLeave], [IsActive], [CreatedBy], [CreatedOn], [ModifiedBy], [ModifiedOn], [ShiftID], [CardID], [DOJ], [ConfirmationDate], [RelievingDate]) VALUES (25, N'042', NULL, NULL, N'Harishkumar', N'Sethuraman', N'harishs@nltechdev.com', NULL, N'M', NULL, NULL, NULL, NULL, NULL, NULL, NULL, 1, 1, CAST(N'2018-09-22T13:14:35.377' AS DateTime), -1, CAST(N'1800-01-01T00:00:00.000' AS DateTime), NULL, NULL, NULL, NULL, NULL)
INSERT [dbo].[Employee] ([UserId], [EmployeeId], [LoginId], [OfficeId], [FirstName], [LastName], [EmailAddress], [MobileNumber], [Gender], [AvatarUrl], [ReportingToId], [OfficeHolidayId], [EmployeeRoleId], [IsHandleMembers], [IsInProbationaryPeriod], [CanAvailYearlyLeave], [IsActive], [CreatedBy], [CreatedOn], [ModifiedBy], [ModifiedOn], [ShiftID], [CardID], [DOJ], [ConfirmationDate], [RelievingDate]) VALUES (26, N'045', NULL, NULL, N'Lavanya', N'Jayaraman', N'lavanya.jayaraman@taylorcommunications.com', NULL, N'F', NULL, NULL, NULL, NULL, NULL, NULL, NULL, 1, 1, CAST(N'2018-09-22T13:14:35.377' AS DateTime), -1, CAST(N'1800-01-01T00:00:00.000' AS DateTime), NULL, NULL, NULL, NULL, NULL)
INSERT [dbo].[Employee] ([UserId], [EmployeeId], [LoginId], [OfficeId], [FirstName], [LastName], [EmailAddress], [MobileNumber], [Gender], [AvatarUrl], [ReportingToId], [OfficeHolidayId], [EmployeeRoleId], [IsHandleMembers], [IsInProbationaryPeriod], [CanAvailYearlyLeave], [IsActive], [CreatedBy], [CreatedOn], [ModifiedBy], [ModifiedOn], [ShiftID], [CardID], [DOJ], [ConfirmationDate], [RelievingDate]) VALUES (27, N'046', NULL, NULL, N'Zameerullah', N'Mohamed Sheriff', N'zameerullahms@nltechdev.com', NULL, N'M', NULL, NULL, NULL, NULL, NULL, NULL, NULL, 1, 1, CAST(N'2018-09-22T13:14:35.377' AS DateTime), -1, CAST(N'1800-01-01T00:00:00.000' AS DateTime), NULL, NULL, NULL, NULL, NULL)
INSERT [dbo].[Employee] ([UserId], [EmployeeId], [LoginId], [OfficeId], [FirstName], [LastName], [EmailAddress], [MobileNumber], [Gender], [AvatarUrl], [ReportingToId], [OfficeHolidayId], [EmployeeRoleId], [IsHandleMembers], [IsInProbationaryPeriod], [CanAvailYearlyLeave], [IsActive], [CreatedBy], [CreatedOn], [ModifiedBy], [ModifiedOn], [ShiftID], [CardID], [DOJ], [ConfirmationDate], [RelievingDate]) VALUES (28, N'049', NULL, NULL, N'Ubendiran', N'Thirukonda Harikrishnan', N'ubendiran@nltechdev.com', NULL, N'M', NULL, NULL, NULL, NULL, NULL, NULL, NULL, 1, 1, CAST(N'2018-09-22T13:14:35.380' AS DateTime), -1, CAST(N'1800-01-01T00:00:00.000' AS DateTime), NULL, NULL, NULL, NULL, NULL)
INSERT [dbo].[Employee] ([UserId], [EmployeeId], [LoginId], [OfficeId], [FirstName], [LastName], [EmailAddress], [MobileNumber], [Gender], [AvatarUrl], [ReportingToId], [OfficeHolidayId], [EmployeeRoleId], [IsHandleMembers], [IsInProbationaryPeriod], [CanAvailYearlyLeave], [IsActive], [CreatedBy], [CreatedOn], [ModifiedBy], [ModifiedOn], [ShiftID], [CardID], [DOJ], [ConfirmationDate], [RelievingDate]) VALUES (29, N'050', NULL, NULL, N'Sreeja', N'Madhana Kumar', N'sreejamk@nltechdev.com', NULL, N'F', NULL, NULL, NULL, NULL, NULL, NULL, NULL, 1, 1, CAST(N'2018-09-22T13:14:35.380' AS DateTime), -1, CAST(N'1800-01-01T00:00:00.000' AS DateTime), NULL, NULL, NULL, NULL, NULL)
INSERT [dbo].[Employee] ([UserId], [EmployeeId], [LoginId], [OfficeId], [FirstName], [LastName], [EmailAddress], [MobileNumber], [Gender], [AvatarUrl], [ReportingToId], [OfficeHolidayId], [EmployeeRoleId], [IsHandleMembers], [IsInProbationaryPeriod], [CanAvailYearlyLeave], [IsActive], [CreatedBy], [CreatedOn], [ModifiedBy], [ModifiedOn], [ShiftID], [CardID], [DOJ], [ConfirmationDate], [RelievingDate]) VALUES (30, N'051', NULL, NULL, N'Dhiliban', N'Murugesan', N'dhilibanm@nltechdev.com', NULL, N'M', NULL, NULL, NULL, NULL, NULL, NULL, NULL, 1, 1, CAST(N'2018-09-22T13:14:35.380' AS DateTime), -1, CAST(N'1800-01-01T00:00:00.000' AS DateTime), NULL, NULL, NULL, NULL, NULL)
INSERT [dbo].[Employee] ([UserId], [EmployeeId], [LoginId], [OfficeId], [FirstName], [LastName], [EmailAddress], [MobileNumber], [Gender], [AvatarUrl], [ReportingToId], [OfficeHolidayId], [EmployeeRoleId], [IsHandleMembers], [IsInProbationaryPeriod], [CanAvailYearlyLeave], [IsActive], [CreatedBy], [CreatedOn], [ModifiedBy], [ModifiedOn], [ShiftID], [CardID], [DOJ], [ConfirmationDate], [RelievingDate]) VALUES (31, N'053', NULL, NULL, N'Barathkumar', N'Sekar', N'barathkumars@nltechdev.com', NULL, N'M', NULL, NULL, NULL, NULL, NULL, NULL, NULL, 1, 1, CAST(N'2018-09-22T13:14:35.383' AS DateTime), -1, CAST(N'1800-01-01T00:00:00.000' AS DateTime), NULL, NULL, NULL, NULL, NULL)
INSERT [dbo].[Employee] ([UserId], [EmployeeId], [LoginId], [OfficeId], [FirstName], [LastName], [EmailAddress], [MobileNumber], [Gender], [AvatarUrl], [ReportingToId], [OfficeHolidayId], [EmployeeRoleId], [IsHandleMembers], [IsInProbationaryPeriod], [CanAvailYearlyLeave], [IsActive], [CreatedBy], [CreatedOn], [ModifiedBy], [ModifiedOn], [ShiftID], [CardID], [DOJ], [ConfirmationDate], [RelievingDate]) VALUES (32, N'054', NULL, NULL, N'Saravanan', N'Rangasamy', N'saravananr@nltechdev.com', NULL, N'M', NULL, NULL, NULL, NULL, NULL, NULL, NULL, 1, 1, CAST(N'2018-09-22T13:14:35.387' AS DateTime), -1, CAST(N'1800-01-01T00:00:00.000' AS DateTime), NULL, NULL, NULL, NULL, NULL)
INSERT [dbo].[Employee] ([UserId], [EmployeeId], [LoginId], [OfficeId], [FirstName], [LastName], [EmailAddress], [MobileNumber], [Gender], [AvatarUrl], [ReportingToId], [OfficeHolidayId], [EmployeeRoleId], [IsHandleMembers], [IsInProbationaryPeriod], [CanAvailYearlyLeave], [IsActive], [CreatedBy], [CreatedOn], [ModifiedBy], [ModifiedOn], [ShiftID], [CardID], [DOJ], [ConfirmationDate], [RelievingDate]) VALUES (33, N'055', NULL, NULL, N'Prasad', N'K', N'prasadk@nltechdev.com', NULL, N'M', NULL, NULL, NULL, NULL, NULL, NULL, NULL, 1, 1, CAST(N'2018-09-22T13:14:35.393' AS DateTime), -1, CAST(N'1800-01-01T00:00:00.000' AS DateTime), NULL, NULL, NULL, NULL, NULL)
INSERT [dbo].[Employee] ([UserId], [EmployeeId], [LoginId], [OfficeId], [FirstName], [LastName], [EmailAddress], [MobileNumber], [Gender], [AvatarUrl], [ReportingToId], [OfficeHolidayId], [EmployeeRoleId], [IsHandleMembers], [IsInProbationaryPeriod], [CanAvailYearlyLeave], [IsActive], [CreatedBy], [CreatedOn], [ModifiedBy], [ModifiedOn], [ShiftID], [CardID], [DOJ], [ConfirmationDate], [RelievingDate]) VALUES (34, N'057', NULL, NULL, N'Arulselvam', N'Karunanithy', N'arulselvamk@nltechdev.com', NULL, N'M', NULL, NULL, NULL, NULL, NULL, NULL, NULL, 1, 1, CAST(N'2018-09-22T13:14:35.397' AS DateTime), -1, CAST(N'1800-01-01T00:00:00.000' AS DateTime), NULL, NULL, NULL, NULL, NULL)
INSERT [dbo].[Employee] ([UserId], [EmployeeId], [LoginId], [OfficeId], [FirstName], [LastName], [EmailAddress], [MobileNumber], [Gender], [AvatarUrl], [ReportingToId], [OfficeHolidayId], [EmployeeRoleId], [IsHandleMembers], [IsInProbationaryPeriod], [CanAvailYearlyLeave], [IsActive], [CreatedBy], [CreatedOn], [ModifiedBy], [ModifiedOn], [ShiftID], [CardID], [DOJ], [ConfirmationDate], [RelievingDate]) VALUES (35, N'058', NULL, NULL, N'Shoba', N'Periakaruppan', N'shobap@nltechdev.com', NULL, N'F', NULL, NULL, NULL, NULL, NULL, NULL, NULL, 1, 1, CAST(N'2018-09-22T13:14:35.400' AS DateTime), -1, CAST(N'1800-01-01T00:00:00.000' AS DateTime), NULL, NULL, NULL, NULL, NULL)
INSERT [dbo].[Employee] ([UserId], [EmployeeId], [LoginId], [OfficeId], [FirstName], [LastName], [EmailAddress], [MobileNumber], [Gender], [AvatarUrl], [ReportingToId], [OfficeHolidayId], [EmployeeRoleId], [IsHandleMembers], [IsInProbationaryPeriod], [CanAvailYearlyLeave], [IsActive], [CreatedBy], [CreatedOn], [ModifiedBy], [ModifiedOn], [ShiftID], [CardID], [DOJ], [ConfirmationDate], [RelievingDate]) VALUES (36, N'059', NULL, NULL, N'Munaswamy', N'Karapa', N'munaswamyk@nltechdev.com', NULL, N'M', NULL, NULL, NULL, NULL, NULL, NULL, NULL, 1, 1, CAST(N'2018-09-22T13:14:35.400' AS DateTime), -1, CAST(N'1800-01-01T00:00:00.000' AS DateTime), NULL, NULL, NULL, NULL, NULL)
INSERT [dbo].[Employee] ([UserId], [EmployeeId], [LoginId], [OfficeId], [FirstName], [LastName], [EmailAddress], [MobileNumber], [Gender], [AvatarUrl], [ReportingToId], [OfficeHolidayId], [EmployeeRoleId], [IsHandleMembers], [IsInProbationaryPeriod], [CanAvailYearlyLeave], [IsActive], [CreatedBy], [CreatedOn], [ModifiedBy], [ModifiedOn], [ShiftID], [CardID], [DOJ], [ConfirmationDate], [RelievingDate]) VALUES (37, N'060', NULL, NULL, N'Srikesavan', N'Janarthanan', N'srikesavanj@nltechdev.com', NULL, N'M', NULL, NULL, NULL, NULL, NULL, NULL, NULL, 1, 1, CAST(N'2018-09-22T13:14:35.400' AS DateTime), -1, CAST(N'1800-01-01T00:00:00.000' AS DateTime), NULL, NULL, NULL, NULL, NULL)
INSERT [dbo].[Employee] ([UserId], [EmployeeId], [LoginId], [OfficeId], [FirstName], [LastName], [EmailAddress], [MobileNumber], [Gender], [AvatarUrl], [ReportingToId], [OfficeHolidayId], [EmployeeRoleId], [IsHandleMembers], [IsInProbationaryPeriod], [CanAvailYearlyLeave], [IsActive], [CreatedBy], [CreatedOn], [ModifiedBy], [ModifiedOn], [ShiftID], [CardID], [DOJ], [ConfirmationDate], [RelievingDate]) VALUES (38, N'061', NULL, NULL, N'Sankar Ganesh', N'Haridass', N'sankarganeshh@nltechdev.com', NULL, N'M', NULL, NULL, NULL, NULL, NULL, NULL, NULL, 1, 1, CAST(N'2018-09-22T13:14:35.403' AS DateTime), -1, CAST(N'1800-01-01T00:00:00.000' AS DateTime), NULL, NULL, NULL, NULL, NULL)
INSERT [dbo].[Employee] ([UserId], [EmployeeId], [LoginId], [OfficeId], [FirstName], [LastName], [EmailAddress], [MobileNumber], [Gender], [AvatarUrl], [ReportingToId], [OfficeHolidayId], [EmployeeRoleId], [IsHandleMembers], [IsInProbationaryPeriod], [CanAvailYearlyLeave], [IsActive], [CreatedBy], [CreatedOn], [ModifiedBy], [ModifiedOn], [ShiftID], [CardID], [DOJ], [ConfirmationDate], [RelievingDate]) VALUES (39, N'062', NULL, NULL, N'Sreeramulu', N'Maddara', N'sreeramulum@nltechdev.com', NULL, N'M', NULL, NULL, NULL, NULL, NULL, NULL, NULL, 1, 1, CAST(N'2018-09-22T13:14:35.403' AS DateTime), -1, CAST(N'1800-01-01T00:00:00.000' AS DateTime), NULL, NULL, NULL, NULL, NULL)
INSERT [dbo].[Employee] ([UserId], [EmployeeId], [LoginId], [OfficeId], [FirstName], [LastName], [EmailAddress], [MobileNumber], [Gender], [AvatarUrl], [ReportingToId], [OfficeHolidayId], [EmployeeRoleId], [IsHandleMembers], [IsInProbationaryPeriod], [CanAvailYearlyLeave], [IsActive], [CreatedBy], [CreatedOn], [ModifiedBy], [ModifiedOn], [ShiftID], [CardID], [DOJ], [ConfirmationDate], [RelievingDate]) VALUES (40, N'063', NULL, NULL, N'Pandiya Krishnan', N'Krishnan Muniandi', N'pandiyakrishnankm@nltechdev.com', NULL, N'M', NULL, NULL, NULL, NULL, NULL, NULL, NULL, 1, 1, CAST(N'2018-09-22T13:14:35.403' AS DateTime), -1, CAST(N'1800-01-01T00:00:00.000' AS DateTime), NULL, NULL, NULL, NULL, NULL)
INSERT [dbo].[Employee] ([UserId], [EmployeeId], [LoginId], [OfficeId], [FirstName], [LastName], [EmailAddress], [MobileNumber], [Gender], [AvatarUrl], [ReportingToId], [OfficeHolidayId], [EmployeeRoleId], [IsHandleMembers], [IsInProbationaryPeriod], [CanAvailYearlyLeave], [IsActive], [CreatedBy], [CreatedOn], [ModifiedBy], [ModifiedOn], [ShiftID], [CardID], [DOJ], [ConfirmationDate], [RelievingDate]) VALUES (41, N'066', NULL, NULL, N'Manihar', N'Alluru', N'manihara@nltechdev.com', NULL, N'M', NULL, NULL, NULL, NULL, NULL, NULL, NULL, 1, 1, CAST(N'2018-09-22T13:14:35.407' AS DateTime), -1, CAST(N'1800-01-01T00:00:00.000' AS DateTime), NULL, NULL, NULL, NULL, NULL)
INSERT [dbo].[Employee] ([UserId], [EmployeeId], [LoginId], [OfficeId], [FirstName], [LastName], [EmailAddress], [MobileNumber], [Gender], [AvatarUrl], [ReportingToId], [OfficeHolidayId], [EmployeeRoleId], [IsHandleMembers], [IsInProbationaryPeriod], [CanAvailYearlyLeave], [IsActive], [CreatedBy], [CreatedOn], [ModifiedBy], [ModifiedOn], [ShiftID], [CardID], [DOJ], [ConfirmationDate], [RelievingDate]) VALUES (42, N'067', NULL, NULL, N'Jaffer Hussain', N'Noordeen', N'jafferhussainn@nltechdev.com', NULL, N'M', NULL, NULL, NULL, NULL, NULL, NULL, NULL, 1, 1, CAST(N'2018-09-22T13:14:35.407' AS DateTime), -1, CAST(N'1800-01-01T00:00:00.000' AS DateTime), NULL, NULL, NULL, NULL, NULL)
INSERT [dbo].[Employee] ([UserId], [EmployeeId], [LoginId], [OfficeId], [FirstName], [LastName], [EmailAddress], [MobileNumber], [Gender], [AvatarUrl], [ReportingToId], [OfficeHolidayId], [EmployeeRoleId], [IsHandleMembers], [IsInProbationaryPeriod], [CanAvailYearlyLeave], [IsActive], [CreatedBy], [CreatedOn], [ModifiedBy], [ModifiedOn], [ShiftID], [CardID], [DOJ], [ConfirmationDate], [RelievingDate]) VALUES (43, N'069', NULL, NULL, N'Balachandar', N'Ramalingam', N'balachandarr@nltechdev.com', NULL, N'M', NULL, NULL, NULL, NULL, NULL, NULL, NULL, 1, 1, CAST(N'2018-09-22T13:14:35.410' AS DateTime), -1, CAST(N'1800-01-01T00:00:00.000' AS DateTime), NULL, NULL, NULL, NULL, NULL)
INSERT [dbo].[Employee] ([UserId], [EmployeeId], [LoginId], [OfficeId], [FirstName], [LastName], [EmailAddress], [MobileNumber], [Gender], [AvatarUrl], [ReportingToId], [OfficeHolidayId], [EmployeeRoleId], [IsHandleMembers], [IsInProbationaryPeriod], [CanAvailYearlyLeave], [IsActive], [CreatedBy], [CreatedOn], [ModifiedBy], [ModifiedOn], [ShiftID], [CardID], [DOJ], [ConfirmationDate], [RelievingDate]) VALUES (44, N'070', NULL, NULL, N'Ramya', N'Ganeshan', N'rganeshan@nltechdev.com', NULL, N'F', NULL, NULL, NULL, NULL, NULL, NULL, NULL, 1, 1, CAST(N'2018-09-22T13:14:35.410' AS DateTime), -1, CAST(N'1800-01-01T00:00:00.000' AS DateTime), NULL, NULL, NULL, NULL, NULL)
INSERT [dbo].[Employee] ([UserId], [EmployeeId], [LoginId], [OfficeId], [FirstName], [LastName], [EmailAddress], [MobileNumber], [Gender], [AvatarUrl], [ReportingToId], [OfficeHolidayId], [EmployeeRoleId], [IsHandleMembers], [IsInProbationaryPeriod], [CanAvailYearlyLeave], [IsActive], [CreatedBy], [CreatedOn], [ModifiedBy], [ModifiedOn], [ShiftID], [CardID], [DOJ], [ConfirmationDate], [RelievingDate]) VALUES (45, N'073', NULL, NULL, N'Muthupandian', N'Pandian', N'mpandian@nltechdev.com', NULL, N'M', NULL, NULL, NULL, NULL, NULL, NULL, NULL, 1, 1, CAST(N'2018-09-22T13:14:35.410' AS DateTime), -1, CAST(N'1800-01-01T00:00:00.000' AS DateTime), NULL, NULL, NULL, NULL, NULL)
INSERT [dbo].[Employee] ([UserId], [EmployeeId], [LoginId], [OfficeId], [FirstName], [LastName], [EmailAddress], [MobileNumber], [Gender], [AvatarUrl], [ReportingToId], [OfficeHolidayId], [EmployeeRoleId], [IsHandleMembers], [IsInProbationaryPeriod], [CanAvailYearlyLeave], [IsActive], [CreatedBy], [CreatedOn], [ModifiedBy], [ModifiedOn], [ShiftID], [CardID], [DOJ], [ConfirmationDate], [RelievingDate]) VALUES (46, N'074', NULL, NULL, N'Raghul', N'Sridhar', N'raghuls@nltechdev.com', NULL, N'M', NULL, NULL, NULL, NULL, NULL, NULL, NULL, 1, 1, CAST(N'2018-09-22T13:14:35.413' AS DateTime), -1, CAST(N'1800-01-01T00:00:00.000' AS DateTime), NULL, NULL, NULL, NULL, NULL)
INSERT [dbo].[Employee] ([UserId], [EmployeeId], [LoginId], [OfficeId], [FirstName], [LastName], [EmailAddress], [MobileNumber], [Gender], [AvatarUrl], [ReportingToId], [OfficeHolidayId], [EmployeeRoleId], [IsHandleMembers], [IsInProbationaryPeriod], [CanAvailYearlyLeave], [IsActive], [CreatedBy], [CreatedOn], [ModifiedBy], [ModifiedOn], [ShiftID], [CardID], [DOJ], [ConfirmationDate], [RelievingDate]) VALUES (47, N'075', NULL, NULL, N'Sheikabdulkhader', N'Ibrahim Rahman', N'sheikabdulkhaderi@nltechdev.com', NULL, N'M', NULL, NULL, NULL, NULL, NULL, NULL, NULL, 1, 1, CAST(N'2018-09-22T13:14:35.413' AS DateTime), -1, CAST(N'1800-01-01T00:00:00.000' AS DateTime), NULL, NULL, NULL, NULL, NULL)
INSERT [dbo].[Employee] ([UserId], [EmployeeId], [LoginId], [OfficeId], [FirstName], [LastName], [EmailAddress], [MobileNumber], [Gender], [AvatarUrl], [ReportingToId], [OfficeHolidayId], [EmployeeRoleId], [IsHandleMembers], [IsInProbationaryPeriod], [CanAvailYearlyLeave], [IsActive], [CreatedBy], [CreatedOn], [ModifiedBy], [ModifiedOn], [ShiftID], [CardID], [DOJ], [ConfirmationDate], [RelievingDate]) VALUES (48, N'076', NULL, NULL, N'Sivakumar', N'Kesavan Devaraj', N'sivakumark@nltechdev.com', NULL, N'M', NULL, NULL, NULL, NULL, NULL, NULL, NULL, 1, 1, CAST(N'2018-09-22T13:14:35.417' AS DateTime), -1, CAST(N'1800-01-01T00:00:00.000' AS DateTime), NULL, NULL, NULL, NULL, NULL)
INSERT [dbo].[Employee] ([UserId], [EmployeeId], [LoginId], [OfficeId], [FirstName], [LastName], [EmailAddress], [MobileNumber], [Gender], [AvatarUrl], [ReportingToId], [OfficeHolidayId], [EmployeeRoleId], [IsHandleMembers], [IsInProbationaryPeriod], [CanAvailYearlyLeave], [IsActive], [CreatedBy], [CreatedOn], [ModifiedBy], [ModifiedOn], [ShiftID], [CardID], [DOJ], [ConfirmationDate], [RelievingDate]) VALUES (49, N'077', NULL, NULL, N'Vinothkumar', N'Balasubramaniyan', N'vinothkumarb@nltechdev.com', NULL, N'M', NULL, NULL, NULL, NULL, NULL, NULL, NULL, 1, 1, CAST(N'2018-09-22T13:14:35.417' AS DateTime), -1, CAST(N'1800-01-01T00:00:00.000' AS DateTime), NULL, NULL, NULL, NULL, NULL)
INSERT [dbo].[Employee] ([UserId], [EmployeeId], [LoginId], [OfficeId], [FirstName], [LastName], [EmailAddress], [MobileNumber], [Gender], [AvatarUrl], [ReportingToId], [OfficeHolidayId], [EmployeeRoleId], [IsHandleMembers], [IsInProbationaryPeriod], [CanAvailYearlyLeave], [IsActive], [CreatedBy], [CreatedOn], [ModifiedBy], [ModifiedOn], [ShiftID], [CardID], [DOJ], [ConfirmationDate], [RelievingDate]) VALUES (50, N'079', NULL, NULL, N'Ezhil Dinesh', N'Ramamoorthy', N'ezhilr@nltechdev.com', NULL, N'M', NULL, NULL, NULL, NULL, NULL, NULL, NULL, 1, 1, CAST(N'2018-09-22T13:14:35.417' AS DateTime), -1, CAST(N'1800-01-01T00:00:00.000' AS DateTime), NULL, NULL, NULL, NULL, NULL)
INSERT [dbo].[Employee] ([UserId], [EmployeeId], [LoginId], [OfficeId], [FirstName], [LastName], [EmailAddress], [MobileNumber], [Gender], [AvatarUrl], [ReportingToId], [OfficeHolidayId], [EmployeeRoleId], [IsHandleMembers], [IsInProbationaryPeriod], [CanAvailYearlyLeave], [IsActive], [CreatedBy], [CreatedOn], [ModifiedBy], [ModifiedOn], [ShiftID], [CardID], [DOJ], [ConfirmationDate], [RelievingDate]) VALUES (51, N'080', NULL, NULL, N'Sathishkumar', N'Selvam', N'sathishkumars@nltechdev.com', NULL, N'M', NULL, NULL, NULL, NULL, NULL, NULL, NULL, 1, 1, CAST(N'2018-09-22T13:14:35.420' AS DateTime), -1, CAST(N'1800-01-01T00:00:00.000' AS DateTime), NULL, NULL, NULL, NULL, NULL)
INSERT [dbo].[Employee] ([UserId], [EmployeeId], [LoginId], [OfficeId], [FirstName], [LastName], [EmailAddress], [MobileNumber], [Gender], [AvatarUrl], [ReportingToId], [OfficeHolidayId], [EmployeeRoleId], [IsHandleMembers], [IsInProbationaryPeriod], [CanAvailYearlyLeave], [IsActive], [CreatedBy], [CreatedOn], [ModifiedBy], [ModifiedOn], [ShiftID], [CardID], [DOJ], [ConfirmationDate], [RelievingDate]) VALUES (52, N'081', NULL, NULL, N'Murali', N'Kasthurirangan', N'muralik@nltechdev.com', NULL, N'M', NULL, NULL, NULL, NULL, NULL, NULL, NULL, 1, 1, CAST(N'2018-09-22T13:14:35.420' AS DateTime), -1, CAST(N'1800-01-01T00:00:00.000' AS DateTime), NULL, NULL, NULL, NULL, NULL)
INSERT [dbo].[Employee] ([UserId], [EmployeeId], [LoginId], [OfficeId], [FirstName], [LastName], [EmailAddress], [MobileNumber], [Gender], [AvatarUrl], [ReportingToId], [OfficeHolidayId], [EmployeeRoleId], [IsHandleMembers], [IsInProbationaryPeriod], [CanAvailYearlyLeave], [IsActive], [CreatedBy], [CreatedOn], [ModifiedBy], [ModifiedOn], [ShiftID], [CardID], [DOJ], [ConfirmationDate], [RelievingDate]) VALUES (53, N'082', NULL, NULL, N'Karthikeyan', N'Bellam Vijayaram', N'karthikeyanbv@nltechdev.com', NULL, N'M', NULL, NULL, NULL, NULL, NULL, NULL, NULL, 1, 1, CAST(N'2018-09-22T13:14:35.420' AS DateTime), -1, CAST(N'1800-01-01T00:00:00.000' AS DateTime), NULL, NULL, NULL, NULL, NULL)
INSERT [dbo].[Employee] ([UserId], [EmployeeId], [LoginId], [OfficeId], [FirstName], [LastName], [EmailAddress], [MobileNumber], [Gender], [AvatarUrl], [ReportingToId], [OfficeHolidayId], [EmployeeRoleId], [IsHandleMembers], [IsInProbationaryPeriod], [CanAvailYearlyLeave], [IsActive], [CreatedBy], [CreatedOn], [ModifiedBy], [ModifiedOn], [ShiftID], [CardID], [DOJ], [ConfirmationDate], [RelievingDate]) VALUES (54, N'083', NULL, NULL, N'Sakthi Ganesh', N'Elangovan', N'sakthie@nltechdev.com', NULL, N'M', NULL, NULL, NULL, NULL, NULL, NULL, NULL, 1, 1, CAST(N'2018-09-22T13:14:35.423' AS DateTime), -1, CAST(N'1800-01-01T00:00:00.000' AS DateTime), NULL, NULL, NULL, NULL, NULL)
INSERT [dbo].[Employee] ([UserId], [EmployeeId], [LoginId], [OfficeId], [FirstName], [LastName], [EmailAddress], [MobileNumber], [Gender], [AvatarUrl], [ReportingToId], [OfficeHolidayId], [EmployeeRoleId], [IsHandleMembers], [IsInProbationaryPeriod], [CanAvailYearlyLeave], [IsActive], [CreatedBy], [CreatedOn], [ModifiedBy], [ModifiedOn], [ShiftID], [CardID], [DOJ], [ConfirmationDate], [RelievingDate]) VALUES (55, N'085', NULL, NULL, N'Valliammai', N'Arunachalam', N'valliammaiar@nltechdev.com', NULL, N'F', NULL, NULL, NULL, NULL, NULL, NULL, NULL, 1, 1, CAST(N'2018-09-22T13:14:35.423' AS DateTime), -1, CAST(N'1800-01-01T00:00:00.000' AS DateTime), NULL, NULL, NULL, NULL, NULL)
INSERT [dbo].[Employee] ([UserId], [EmployeeId], [LoginId], [OfficeId], [FirstName], [LastName], [EmailAddress], [MobileNumber], [Gender], [AvatarUrl], [ReportingToId], [OfficeHolidayId], [EmployeeRoleId], [IsHandleMembers], [IsInProbationaryPeriod], [CanAvailYearlyLeave], [IsActive], [CreatedBy], [CreatedOn], [ModifiedBy], [ModifiedOn], [ShiftID], [CardID], [DOJ], [ConfirmationDate], [RelievingDate]) VALUES (56, N'086', NULL, NULL, N'Gugan', N'Palanisamy', N'guganp@nltechdev.com', NULL, N'M', NULL, NULL, NULL, NULL, NULL, NULL, NULL, 1, 1, CAST(N'2018-09-22T13:14:35.423' AS DateTime), -1, CAST(N'1800-01-01T00:00:00.000' AS DateTime), NULL, NULL, NULL, NULL, NULL)
INSERT [dbo].[Employee] ([UserId], [EmployeeId], [LoginId], [OfficeId], [FirstName], [LastName], [EmailAddress], [MobileNumber], [Gender], [AvatarUrl], [ReportingToId], [OfficeHolidayId], [EmployeeRoleId], [IsHandleMembers], [IsInProbationaryPeriod], [CanAvailYearlyLeave], [IsActive], [CreatedBy], [CreatedOn], [ModifiedBy], [ModifiedOn], [ShiftID], [CardID], [DOJ], [ConfirmationDate], [RelievingDate]) VALUES (57, N'088', NULL, NULL, N'Malarvizhi', N'Mohan', N'malarvizhim@nltechdev.com', NULL, N'F', NULL, NULL, NULL, NULL, NULL, NULL, NULL, 1, 1, CAST(N'2018-09-22T13:14:35.427' AS DateTime), -1, CAST(N'1800-01-01T00:00:00.000' AS DateTime), NULL, NULL, NULL, NULL, NULL)
INSERT [dbo].[Employee] ([UserId], [EmployeeId], [LoginId], [OfficeId], [FirstName], [LastName], [EmailAddress], [MobileNumber], [Gender], [AvatarUrl], [ReportingToId], [OfficeHolidayId], [EmployeeRoleId], [IsHandleMembers], [IsInProbationaryPeriod], [CanAvailYearlyLeave], [IsActive], [CreatedBy], [CreatedOn], [ModifiedBy], [ModifiedOn], [ShiftID], [CardID], [DOJ], [ConfirmationDate], [RelievingDate]) VALUES (58, N'089', NULL, NULL, N'Suresh Kumar', N'Masetti', N'sureshkumarm@nltechdev.com', NULL, N'M', NULL, NULL, NULL, NULL, NULL, NULL, NULL, 1, 1, CAST(N'2018-09-22T13:14:35.427' AS DateTime), -1, CAST(N'1800-01-01T00:00:00.000' AS DateTime), NULL, NULL, NULL, NULL, NULL)
INSERT [dbo].[Employee] ([UserId], [EmployeeId], [LoginId], [OfficeId], [FirstName], [LastName], [EmailAddress], [MobileNumber], [Gender], [AvatarUrl], [ReportingToId], [OfficeHolidayId], [EmployeeRoleId], [IsHandleMembers], [IsInProbationaryPeriod], [CanAvailYearlyLeave], [IsActive], [CreatedBy], [CreatedOn], [ModifiedBy], [ModifiedOn], [ShiftID], [CardID], [DOJ], [ConfirmationDate], [RelievingDate]) VALUES (59, N'090', NULL, NULL, N'Kanagavel', N'Asokan', N'kanagavela@nltechdev.com', NULL, N'M', NULL, NULL, NULL, NULL, NULL, NULL, NULL, 1, 1, CAST(N'2018-09-22T13:14:35.430' AS DateTime), -1, CAST(N'1800-01-01T00:00:00.000' AS DateTime), NULL, NULL, NULL, NULL, NULL)
INSERT [dbo].[Employee] ([UserId], [EmployeeId], [LoginId], [OfficeId], [FirstName], [LastName], [EmailAddress], [MobileNumber], [Gender], [AvatarUrl], [ReportingToId], [OfficeHolidayId], [EmployeeRoleId], [IsHandleMembers], [IsInProbationaryPeriod], [CanAvailYearlyLeave], [IsActive], [CreatedBy], [CreatedOn], [ModifiedBy], [ModifiedOn], [ShiftID], [CardID], [DOJ], [ConfirmationDate], [RelievingDate]) VALUES (60, N'092', NULL, NULL, N'Senthil', N'Arumugam', N'senthila@nltechdev.com', NULL, N'M', NULL, NULL, NULL, NULL, NULL, NULL, NULL, 1, 1, CAST(N'2018-09-22T13:14:35.430' AS DateTime), -1, CAST(N'1800-01-01T00:00:00.000' AS DateTime), NULL, NULL, NULL, NULL, NULL)
INSERT [dbo].[Employee] ([UserId], [EmployeeId], [LoginId], [OfficeId], [FirstName], [LastName], [EmailAddress], [MobileNumber], [Gender], [AvatarUrl], [ReportingToId], [OfficeHolidayId], [EmployeeRoleId], [IsHandleMembers], [IsInProbationaryPeriod], [CanAvailYearlyLeave], [IsActive], [CreatedBy], [CreatedOn], [ModifiedBy], [ModifiedOn], [ShiftID], [CardID], [DOJ], [ConfirmationDate], [RelievingDate]) VALUES (61, N'093', NULL, NULL, N'Rakesh', N'Rajagopal Chander', N'rakeshrc@nltechdev.com', NULL, N'M', NULL, NULL, NULL, NULL, NULL, NULL, NULL, 1, 1, CAST(N'2018-09-22T13:14:35.430' AS DateTime), -1, CAST(N'1800-01-01T00:00:00.000' AS DateTime), NULL, NULL, NULL, NULL, NULL)
INSERT [dbo].[Employee] ([UserId], [EmployeeId], [LoginId], [OfficeId], [FirstName], [LastName], [EmailAddress], [MobileNumber], [Gender], [AvatarUrl], [ReportingToId], [OfficeHolidayId], [EmployeeRoleId], [IsHandleMembers], [IsInProbationaryPeriod], [CanAvailYearlyLeave], [IsActive], [CreatedBy], [CreatedOn], [ModifiedBy], [ModifiedOn], [ShiftID], [CardID], [DOJ], [ConfirmationDate], [RelievingDate]) VALUES (62, N'095', NULL, NULL, N'Tamilmurugan', N'Nagarajan', N'tamilmurugann@nltechdev.com', NULL, N'M', NULL, NULL, NULL, NULL, NULL, NULL, NULL, 1, 1, CAST(N'2018-09-22T13:14:35.433' AS DateTime), -1, CAST(N'1800-01-01T00:00:00.000' AS DateTime), NULL, NULL, NULL, NULL, NULL)
INSERT [dbo].[Employee] ([UserId], [EmployeeId], [LoginId], [OfficeId], [FirstName], [LastName], [EmailAddress], [MobileNumber], [Gender], [AvatarUrl], [ReportingToId], [OfficeHolidayId], [EmployeeRoleId], [IsHandleMembers], [IsInProbationaryPeriod], [CanAvailYearlyLeave], [IsActive], [CreatedBy], [CreatedOn], [ModifiedBy], [ModifiedOn], [ShiftID], [CardID], [DOJ], [ConfirmationDate], [RelievingDate]) VALUES (63, N'096', NULL, NULL, N'Dhanabal', N'Ayyenperumal', N'dhanabala@nltechdev.com', NULL, N'M', NULL, NULL, NULL, NULL, NULL, NULL, NULL, 1, 1, CAST(N'2018-09-22T13:14:35.437' AS DateTime), -1, CAST(N'1800-01-01T00:00:00.000' AS DateTime), NULL, NULL, NULL, NULL, NULL)
INSERT [dbo].[Employee] ([UserId], [EmployeeId], [LoginId], [OfficeId], [FirstName], [LastName], [EmailAddress], [MobileNumber], [Gender], [AvatarUrl], [ReportingToId], [OfficeHolidayId], [EmployeeRoleId], [IsHandleMembers], [IsInProbationaryPeriod], [CanAvailYearlyLeave], [IsActive], [CreatedBy], [CreatedOn], [ModifiedBy], [ModifiedOn], [ShiftID], [CardID], [DOJ], [ConfirmationDate], [RelievingDate]) VALUES (64, N'097', NULL, NULL, N'Ramani', N'Viswanathan', N'ramaniv@nltechdev.com', NULL, N'M', NULL, NULL, NULL, NULL, NULL, NULL, NULL, 1, 1, CAST(N'2018-09-22T13:14:35.437' AS DateTime), -1, CAST(N'1800-01-01T00:00:00.000' AS DateTime), NULL, NULL, NULL, NULL, NULL)
INSERT [dbo].[Employee] ([UserId], [EmployeeId], [LoginId], [OfficeId], [FirstName], [LastName], [EmailAddress], [MobileNumber], [Gender], [AvatarUrl], [ReportingToId], [OfficeHolidayId], [EmployeeRoleId], [IsHandleMembers], [IsInProbationaryPeriod], [CanAvailYearlyLeave], [IsActive], [CreatedBy], [CreatedOn], [ModifiedBy], [ModifiedOn], [ShiftID], [CardID], [DOJ], [ConfirmationDate], [RelievingDate]) VALUES (65, N'098', NULL, NULL, N'Saravanan', N'Ramadoss', N'saravananramadoss@nltechdev.com', NULL, N'M', NULL, NULL, NULL, NULL, NULL, NULL, NULL, 1, 1, CAST(N'2018-09-22T13:14:35.437' AS DateTime), -1, CAST(N'1800-01-01T00:00:00.000' AS DateTime), NULL, NULL, NULL, NULL, NULL)
INSERT [dbo].[Employee] ([UserId], [EmployeeId], [LoginId], [OfficeId], [FirstName], [LastName], [EmailAddress], [MobileNumber], [Gender], [AvatarUrl], [ReportingToId], [OfficeHolidayId], [EmployeeRoleId], [IsHandleMembers], [IsInProbationaryPeriod], [CanAvailYearlyLeave], [IsActive], [CreatedBy], [CreatedOn], [ModifiedBy], [ModifiedOn], [ShiftID], [CardID], [DOJ], [ConfirmationDate], [RelievingDate]) VALUES (66, N'100', NULL, NULL, N'Gopikumar', N'Manoharan', N'gmanoharan@nltechdev.com', NULL, N'M', NULL, NULL, NULL, NULL, NULL, NULL, NULL, 1, 1, CAST(N'2018-09-22T13:14:35.440' AS DateTime), -1, CAST(N'1800-01-01T00:00:00.000' AS DateTime), NULL, NULL, NULL, NULL, NULL)
INSERT [dbo].[Employee] ([UserId], [EmployeeId], [LoginId], [OfficeId], [FirstName], [LastName], [EmailAddress], [MobileNumber], [Gender], [AvatarUrl], [ReportingToId], [OfficeHolidayId], [EmployeeRoleId], [IsHandleMembers], [IsInProbationaryPeriod], [CanAvailYearlyLeave], [IsActive], [CreatedBy], [CreatedOn], [ModifiedBy], [ModifiedOn], [ShiftID], [CardID], [DOJ], [ConfirmationDate], [RelievingDate]) VALUES (67, N'104', NULL, NULL, N'Jai Kishore', N'Sekar', N'jaikishores@nltechdev.com', NULL, N'M', NULL, NULL, NULL, NULL, NULL, NULL, NULL, 1, 1, CAST(N'2018-09-22T13:14:35.440' AS DateTime), -1, CAST(N'1800-01-01T00:00:00.000' AS DateTime), NULL, NULL, NULL, NULL, NULL)
INSERT [dbo].[Employee] ([UserId], [EmployeeId], [LoginId], [OfficeId], [FirstName], [LastName], [EmailAddress], [MobileNumber], [Gender], [AvatarUrl], [ReportingToId], [OfficeHolidayId], [EmployeeRoleId], [IsHandleMembers], [IsInProbationaryPeriod], [CanAvailYearlyLeave], [IsActive], [CreatedBy], [CreatedOn], [ModifiedBy], [ModifiedOn], [ShiftID], [CardID], [DOJ], [ConfirmationDate], [RelievingDate]) VALUES (68, N'105', NULL, NULL, N'Rahul Gandhi', N'Jayabalan', N'rahulj@nltechdev.com', NULL, N'M', NULL, NULL, NULL, NULL, NULL, NULL, NULL, 1, 1, CAST(N'2018-09-22T13:14:35.440' AS DateTime), -1, CAST(N'1800-01-01T00:00:00.000' AS DateTime), NULL, NULL, NULL, NULL, NULL)
INSERT [dbo].[Employee] ([UserId], [EmployeeId], [LoginId], [OfficeId], [FirstName], [LastName], [EmailAddress], [MobileNumber], [Gender], [AvatarUrl], [ReportingToId], [OfficeHolidayId], [EmployeeRoleId], [IsHandleMembers], [IsInProbationaryPeriod], [CanAvailYearlyLeave], [IsActive], [CreatedBy], [CreatedOn], [ModifiedBy], [ModifiedOn], [ShiftID], [CardID], [DOJ], [ConfirmationDate], [RelievingDate]) VALUES (69, N'106', NULL, NULL, N'Ezhilarasan', N'Anbukarasan', N'ezhilarasana@nltechdev.com', NULL, N'M', NULL, NULL, NULL, NULL, NULL, NULL, NULL, 1, 1, CAST(N'2018-09-22T13:14:35.443' AS DateTime), -1, CAST(N'1800-01-01T00:00:00.000' AS DateTime), NULL, NULL, NULL, NULL, NULL)
INSERT [dbo].[Employee] ([UserId], [EmployeeId], [LoginId], [OfficeId], [FirstName], [LastName], [EmailAddress], [MobileNumber], [Gender], [AvatarUrl], [ReportingToId], [OfficeHolidayId], [EmployeeRoleId], [IsHandleMembers], [IsInProbationaryPeriod], [CanAvailYearlyLeave], [IsActive], [CreatedBy], [CreatedOn], [ModifiedBy], [ModifiedOn], [ShiftID], [CardID], [DOJ], [ConfirmationDate], [RelievingDate]) VALUES (70, N'107', NULL, NULL, N'Naveen Kumar', N'Murugesan', N'naveenkumarm@nltechdev.com', NULL, N'M', NULL, NULL, NULL, NULL, NULL, NULL, NULL, 1, 1, CAST(N'2018-09-22T13:14:35.443' AS DateTime), -1, CAST(N'1800-01-01T00:00:00.000' AS DateTime), NULL, NULL, NULL, NULL, NULL)
INSERT [dbo].[Employee] ([UserId], [EmployeeId], [LoginId], [OfficeId], [FirstName], [LastName], [EmailAddress], [MobileNumber], [Gender], [AvatarUrl], [ReportingToId], [OfficeHolidayId], [EmployeeRoleId], [IsHandleMembers], [IsInProbationaryPeriod], [CanAvailYearlyLeave], [IsActive], [CreatedBy], [CreatedOn], [ModifiedBy], [ModifiedOn], [ShiftID], [CardID], [DOJ], [ConfirmationDate], [RelievingDate]) VALUES (71, N'108', NULL, NULL, N'Adith', N'Purushothaman', N'adithp@nltechdev.com', NULL, N'M', NULL, NULL, NULL, NULL, NULL, NULL, NULL, 1, 1, CAST(N'2018-09-22T13:14:35.443' AS DateTime), -1, CAST(N'1800-01-01T00:00:00.000' AS DateTime), NULL, NULL, NULL, NULL, NULL)
INSERT [dbo].[Employee] ([UserId], [EmployeeId], [LoginId], [OfficeId], [FirstName], [LastName], [EmailAddress], [MobileNumber], [Gender], [AvatarUrl], [ReportingToId], [OfficeHolidayId], [EmployeeRoleId], [IsHandleMembers], [IsInProbationaryPeriod], [CanAvailYearlyLeave], [IsActive], [CreatedBy], [CreatedOn], [ModifiedBy], [ModifiedOn], [ShiftID], [CardID], [DOJ], [ConfirmationDate], [RelievingDate]) VALUES (72, N'109', NULL, NULL, N'Milton Raj', N'Jesu Raj', N'miltonrajj@nltechdev.com', NULL, N'M', NULL, NULL, NULL, NULL, NULL, NULL, NULL, 1, 1, CAST(N'2018-09-22T13:14:35.447' AS DateTime), -1, CAST(N'1800-01-01T00:00:00.000' AS DateTime), NULL, NULL, NULL, NULL, NULL)
INSERT [dbo].[Employee] ([UserId], [EmployeeId], [LoginId], [OfficeId], [FirstName], [LastName], [EmailAddress], [MobileNumber], [Gender], [AvatarUrl], [ReportingToId], [OfficeHolidayId], [EmployeeRoleId], [IsHandleMembers], [IsInProbationaryPeriod], [CanAvailYearlyLeave], [IsActive], [CreatedBy], [CreatedOn], [ModifiedBy], [ModifiedOn], [ShiftID], [CardID], [DOJ], [ConfirmationDate], [RelievingDate]) VALUES (73, N'110', NULL, NULL, N'Ananth', N'Ananthappan', N'anantha@nltechdev.com', NULL, N'M', NULL, NULL, NULL, NULL, NULL, NULL, NULL, 1, 1, CAST(N'2018-09-22T13:14:35.447' AS DateTime), -1, CAST(N'1800-01-01T00:00:00.000' AS DateTime), NULL, NULL, NULL, NULL, NULL)
INSERT [dbo].[Employee] ([UserId], [EmployeeId], [LoginId], [OfficeId], [FirstName], [LastName], [EmailAddress], [MobileNumber], [Gender], [AvatarUrl], [ReportingToId], [OfficeHolidayId], [EmployeeRoleId], [IsHandleMembers], [IsInProbationaryPeriod], [CanAvailYearlyLeave], [IsActive], [CreatedBy], [CreatedOn], [ModifiedBy], [ModifiedOn], [ShiftID], [CardID], [DOJ], [ConfirmationDate], [RelievingDate]) VALUES (74, N'111', NULL, NULL, N'Gopika', N'Subbiah', N'gopikas@nltechdev.com', NULL, N'F', NULL, NULL, NULL, NULL, NULL, NULL, NULL, 1, 1, CAST(N'2018-09-22T13:14:35.450' AS DateTime), -1, CAST(N'1800-01-01T00:00:00.000' AS DateTime), NULL, NULL, NULL, NULL, NULL)
INSERT [dbo].[Employee] ([UserId], [EmployeeId], [LoginId], [OfficeId], [FirstName], [LastName], [EmailAddress], [MobileNumber], [Gender], [AvatarUrl], [ReportingToId], [OfficeHolidayId], [EmployeeRoleId], [IsHandleMembers], [IsInProbationaryPeriod], [CanAvailYearlyLeave], [IsActive], [CreatedBy], [CreatedOn], [ModifiedBy], [ModifiedOn], [ShiftID], [CardID], [DOJ], [ConfirmationDate], [RelievingDate]) VALUES (75, N'112', NULL, NULL, N'Karthikeyan', N'Manoharan', N'karthikeyanm@nltechdev.com', NULL, N'M', NULL, NULL, NULL, NULL, NULL, NULL, NULL, 1, 1, CAST(N'2018-09-22T13:14:35.450' AS DateTime), -1, CAST(N'1800-01-01T00:00:00.000' AS DateTime), NULL, NULL, NULL, NULL, NULL)
INSERT [dbo].[Employee] ([UserId], [EmployeeId], [LoginId], [OfficeId], [FirstName], [LastName], [EmailAddress], [MobileNumber], [Gender], [AvatarUrl], [ReportingToId], [OfficeHolidayId], [EmployeeRoleId], [IsHandleMembers], [IsInProbationaryPeriod], [CanAvailYearlyLeave], [IsActive], [CreatedBy], [CreatedOn], [ModifiedBy], [ModifiedOn], [ShiftID], [CardID], [DOJ], [ConfirmationDate], [RelievingDate]) VALUES (76, N'113', NULL, NULL, N'Guhan', N'Ekambaram', N'guhane@nltechdev.com', NULL, N'M', NULL, NULL, NULL, NULL, NULL, NULL, NULL, 1, 1, CAST(N'2018-09-22T13:14:35.450' AS DateTime), -1, CAST(N'1800-01-01T00:00:00.000' AS DateTime), NULL, NULL, NULL, NULL, NULL)
INSERT [dbo].[Employee] ([UserId], [EmployeeId], [LoginId], [OfficeId], [FirstName], [LastName], [EmailAddress], [MobileNumber], [Gender], [AvatarUrl], [ReportingToId], [OfficeHolidayId], [EmployeeRoleId], [IsHandleMembers], [IsInProbationaryPeriod], [CanAvailYearlyLeave], [IsActive], [CreatedBy], [CreatedOn], [ModifiedBy], [ModifiedOn], [ShiftID], [CardID], [DOJ], [ConfirmationDate], [RelievingDate]) VALUES (77, N'114', NULL, NULL, N'Aishwarya', N'Subramanian', N'aishwaryas@nltechdev.com', NULL, N'F', NULL, NULL, NULL, NULL, NULL, NULL, NULL, 1, 1, CAST(N'2018-09-22T13:14:35.453' AS DateTime), -1, CAST(N'1800-01-01T00:00:00.000' AS DateTime), NULL, NULL, NULL, NULL, NULL)
INSERT [dbo].[Employee] ([UserId], [EmployeeId], [LoginId], [OfficeId], [FirstName], [LastName], [EmailAddress], [MobileNumber], [Gender], [AvatarUrl], [ReportingToId], [OfficeHolidayId], [EmployeeRoleId], [IsHandleMembers], [IsInProbationaryPeriod], [CanAvailYearlyLeave], [IsActive], [CreatedBy], [CreatedOn], [ModifiedBy], [ModifiedOn], [ShiftID], [CardID], [DOJ], [ConfirmationDate], [RelievingDate]) VALUES (78, N'115', NULL, NULL, N'Prabhakaran', N'Sivaperumal', N'prabhakarans@nltechdev.com', NULL, N'M', NULL, NULL, NULL, NULL, NULL, NULL, NULL, 1, 1, CAST(N'2018-09-22T13:14:35.453' AS DateTime), -1, CAST(N'1800-01-01T00:00:00.000' AS DateTime), NULL, NULL, NULL, NULL, NULL)
INSERT [dbo].[Employee] ([UserId], [EmployeeId], [LoginId], [OfficeId], [FirstName], [LastName], [EmailAddress], [MobileNumber], [Gender], [AvatarUrl], [ReportingToId], [OfficeHolidayId], [EmployeeRoleId], [IsHandleMembers], [IsInProbationaryPeriod], [CanAvailYearlyLeave], [IsActive], [CreatedBy], [CreatedOn], [ModifiedBy], [ModifiedOn], [ShiftID], [CardID], [DOJ], [ConfirmationDate], [RelievingDate]) VALUES (79, N'116', NULL, NULL, N'Dinesh', N'Manikandan', N'dineshm@nltechdev.com', NULL, N'M', NULL, NULL, NULL, NULL, NULL, NULL, NULL, 1, 1, CAST(N'2018-09-22T13:14:35.453' AS DateTime), -1, CAST(N'1800-01-01T00:00:00.000' AS DateTime), NULL, NULL, NULL, NULL, NULL)
INSERT [dbo].[Employee] ([UserId], [EmployeeId], [LoginId], [OfficeId], [FirstName], [LastName], [EmailAddress], [MobileNumber], [Gender], [AvatarUrl], [ReportingToId], [OfficeHolidayId], [EmployeeRoleId], [IsHandleMembers], [IsInProbationaryPeriod], [CanAvailYearlyLeave], [IsActive], [CreatedBy], [CreatedOn], [ModifiedBy], [ModifiedOn], [ShiftID], [CardID], [DOJ], [ConfirmationDate], [RelievingDate]) VALUES (80, N'117', NULL, NULL, N'Somasekaran', N'Chandrasekaran', N'somasekaranc@nltechdev.com', NULL, N'M', NULL, NULL, NULL, NULL, NULL, NULL, NULL, 1, 1, CAST(N'2018-09-22T13:14:35.457' AS DateTime), -1, CAST(N'1800-01-01T00:00:00.000' AS DateTime), NULL, NULL, NULL, NULL, NULL)
INSERT [dbo].[Employee] ([UserId], [EmployeeId], [LoginId], [OfficeId], [FirstName], [LastName], [EmailAddress], [MobileNumber], [Gender], [AvatarUrl], [ReportingToId], [OfficeHolidayId], [EmployeeRoleId], [IsHandleMembers], [IsInProbationaryPeriod], [CanAvailYearlyLeave], [IsActive], [CreatedBy], [CreatedOn], [ModifiedBy], [ModifiedOn], [ShiftID], [CardID], [DOJ], [ConfirmationDate], [RelievingDate]) VALUES (81, N'118', NULL, NULL, N'Bharanidharan', N'Murugesan', N'bharanidharanm@nltechdev.com', NULL, N'M', NULL, NULL, NULL, NULL, NULL, NULL, NULL, 1, 1, CAST(N'2018-09-22T13:14:35.457' AS DateTime), -1, CAST(N'1800-01-01T00:00:00.000' AS DateTime), NULL, NULL, NULL, NULL, NULL)
INSERT [dbo].[Employee] ([UserId], [EmployeeId], [LoginId], [OfficeId], [FirstName], [LastName], [EmailAddress], [MobileNumber], [Gender], [AvatarUrl], [ReportingToId], [OfficeHolidayId], [EmployeeRoleId], [IsHandleMembers], [IsInProbationaryPeriod], [CanAvailYearlyLeave], [IsActive], [CreatedBy], [CreatedOn], [ModifiedBy], [ModifiedOn], [ShiftID], [CardID], [DOJ], [ConfirmationDate], [RelievingDate]) VALUES (82, N'119', NULL, NULL, N'Seethalakshmy', N'Radjassegarane', N'seethalakshmyr@nltechdev.com', NULL, N'F', NULL, NULL, NULL, NULL, NULL, NULL, NULL, 1, 1, CAST(N'2018-09-22T13:14:35.460' AS DateTime), -1, CAST(N'1800-01-01T00:00:00.000' AS DateTime), NULL, NULL, NULL, NULL, NULL)
INSERT [dbo].[Employee] ([UserId], [EmployeeId], [LoginId], [OfficeId], [FirstName], [LastName], [EmailAddress], [MobileNumber], [Gender], [AvatarUrl], [ReportingToId], [OfficeHolidayId], [EmployeeRoleId], [IsHandleMembers], [IsInProbationaryPeriod], [CanAvailYearlyLeave], [IsActive], [CreatedBy], [CreatedOn], [ModifiedBy], [ModifiedOn], [ShiftID], [CardID], [DOJ], [ConfirmationDate], [RelievingDate]) VALUES (83, N'120', NULL, NULL, N'Suresh', N'Saminathan', N'sureshs@nltechdev.com', NULL, N'M', NULL, NULL, NULL, NULL, NULL, NULL, NULL, 1, 1, CAST(N'2018-09-22T13:14:35.460' AS DateTime), -1, CAST(N'1800-01-01T00:00:00.000' AS DateTime), NULL, NULL, NULL, NULL, NULL)
INSERT [dbo].[Employee] ([UserId], [EmployeeId], [LoginId], [OfficeId], [FirstName], [LastName], [EmailAddress], [MobileNumber], [Gender], [AvatarUrl], [ReportingToId], [OfficeHolidayId], [EmployeeRoleId], [IsHandleMembers], [IsInProbationaryPeriod], [CanAvailYearlyLeave], [IsActive], [CreatedBy], [CreatedOn], [ModifiedBy], [ModifiedOn], [ShiftID], [CardID], [DOJ], [ConfirmationDate], [RelievingDate]) VALUES (84, N'121', NULL, NULL, N'Senthamilarasu', N'Murugan', N'senthamilarasum@nltechdev.com', NULL, N'M', NULL, NULL, NULL, NULL, NULL, NULL, NULL, 1, 1, CAST(N'2018-09-22T13:14:35.460' AS DateTime), -1, CAST(N'1800-01-01T00:00:00.000' AS DateTime), NULL, NULL, NULL, NULL, NULL)
INSERT [dbo].[Employee] ([UserId], [EmployeeId], [LoginId], [OfficeId], [FirstName], [LastName], [EmailAddress], [MobileNumber], [Gender], [AvatarUrl], [ReportingToId], [OfficeHolidayId], [EmployeeRoleId], [IsHandleMembers], [IsInProbationaryPeriod], [CanAvailYearlyLeave], [IsActive], [CreatedBy], [CreatedOn], [ModifiedBy], [ModifiedOn], [ShiftID], [CardID], [DOJ], [ConfirmationDate], [RelievingDate]) VALUES (85, N'122', NULL, NULL, N'Rajamurugan', N'Pandiaraj', N'rajamuruganp@nltechdev.com', NULL, N'M', NULL, NULL, NULL, NULL, NULL, NULL, NULL, 1, 1, CAST(N'2018-09-22T13:14:35.463' AS DateTime), -1, CAST(N'1800-01-01T00:00:00.000' AS DateTime), NULL, NULL, NULL, NULL, NULL)
INSERT [dbo].[Employee] ([UserId], [EmployeeId], [LoginId], [OfficeId], [FirstName], [LastName], [EmailAddress], [MobileNumber], [Gender], [AvatarUrl], [ReportingToId], [OfficeHolidayId], [EmployeeRoleId], [IsHandleMembers], [IsInProbationaryPeriod], [CanAvailYearlyLeave], [IsActive], [CreatedBy], [CreatedOn], [ModifiedBy], [ModifiedOn], [ShiftID], [CardID], [DOJ], [ConfirmationDate], [RelievingDate]) VALUES (86, N'125', NULL, NULL, N'Shanmugapriya', N'Kandasamy', N'shanmugapriyak@nltechdev.com', NULL, N'F', NULL, NULL, NULL, NULL, NULL, NULL, NULL, 1, 1, CAST(N'2018-09-22T13:14:35.463' AS DateTime), -1, CAST(N'1800-01-01T00:00:00.000' AS DateTime), NULL, NULL, NULL, NULL, NULL)
INSERT [dbo].[Employee] ([UserId], [EmployeeId], [LoginId], [OfficeId], [FirstName], [LastName], [EmailAddress], [MobileNumber], [Gender], [AvatarUrl], [ReportingToId], [OfficeHolidayId], [EmployeeRoleId], [IsHandleMembers], [IsInProbationaryPeriod], [CanAvailYearlyLeave], [IsActive], [CreatedBy], [CreatedOn], [ModifiedBy], [ModifiedOn], [ShiftID], [CardID], [DOJ], [ConfirmationDate], [RelievingDate]) VALUES (87, N'126', NULL, NULL, N'Karthik', N'Muthukarungu', N'karthikk@nltechdev.com', NULL, N'M', NULL, NULL, NULL, NULL, NULL, NULL, NULL, 1, 1, CAST(N'2018-09-22T13:14:35.463' AS DateTime), -1, CAST(N'1800-01-01T00:00:00.000' AS DateTime), NULL, NULL, NULL, NULL, NULL)
INSERT [dbo].[Employee] ([UserId], [EmployeeId], [LoginId], [OfficeId], [FirstName], [LastName], [EmailAddress], [MobileNumber], [Gender], [AvatarUrl], [ReportingToId], [OfficeHolidayId], [EmployeeRoleId], [IsHandleMembers], [IsInProbationaryPeriod], [CanAvailYearlyLeave], [IsActive], [CreatedBy], [CreatedOn], [ModifiedBy], [ModifiedOn], [ShiftID], [CardID], [DOJ], [ConfirmationDate], [RelievingDate]) VALUES (88, N'127', NULL, NULL, N'Sangeetha', N'Adithan', N'sangeetha@nltechdev.com', NULL, N'F', NULL, NULL, NULL, NULL, NULL, NULL, NULL, 1, 1, CAST(N'2018-09-22T13:14:35.467' AS DateTime), -1, CAST(N'1800-01-01T00:00:00.000' AS DateTime), NULL, NULL, NULL, NULL, NULL)
INSERT [dbo].[Employee] ([UserId], [EmployeeId], [LoginId], [OfficeId], [FirstName], [LastName], [EmailAddress], [MobileNumber], [Gender], [AvatarUrl], [ReportingToId], [OfficeHolidayId], [EmployeeRoleId], [IsHandleMembers], [IsInProbationaryPeriod], [CanAvailYearlyLeave], [IsActive], [CreatedBy], [CreatedOn], [ModifiedBy], [ModifiedOn], [ShiftID], [CardID], [DOJ], [ConfirmationDate], [RelievingDate]) VALUES (89, N'129', NULL, NULL, N'Vimalraja', N'Kannan', N'vimalrajak@nltechdev.com', NULL, N'M', NULL, NULL, NULL, NULL, NULL, NULL, NULL, 1, 1, CAST(N'2018-09-22T13:14:35.467' AS DateTime), -1, CAST(N'1800-01-01T00:00:00.000' AS DateTime), NULL, NULL, NULL, NULL, NULL)
INSERT [dbo].[Employee] ([UserId], [EmployeeId], [LoginId], [OfficeId], [FirstName], [LastName], [EmailAddress], [MobileNumber], [Gender], [AvatarUrl], [ReportingToId], [OfficeHolidayId], [EmployeeRoleId], [IsHandleMembers], [IsInProbationaryPeriod], [CanAvailYearlyLeave], [IsActive], [CreatedBy], [CreatedOn], [ModifiedBy], [ModifiedOn], [ShiftID], [CardID], [DOJ], [ConfirmationDate], [RelievingDate]) VALUES (90, N'130', NULL, NULL, N'Mohammed Faizan', N'Aalanyagam', N'mohammedfaizana@nltechdev.com', NULL, N'M', NULL, NULL, NULL, NULL, NULL, NULL, NULL, 1, 1, CAST(N'2018-09-22T13:14:35.470' AS DateTime), -1, CAST(N'1800-01-01T00:00:00.000' AS DateTime), NULL, NULL, NULL, NULL, NULL)
INSERT [dbo].[Employee] ([UserId], [EmployeeId], [LoginId], [OfficeId], [FirstName], [LastName], [EmailAddress], [MobileNumber], [Gender], [AvatarUrl], [ReportingToId], [OfficeHolidayId], [EmployeeRoleId], [IsHandleMembers], [IsInProbationaryPeriod], [CanAvailYearlyLeave], [IsActive], [CreatedBy], [CreatedOn], [ModifiedBy], [ModifiedOn], [ShiftID], [CardID], [DOJ], [ConfirmationDate], [RelievingDate]) VALUES (91, N'133', NULL, NULL, N'Anusuriya', N'Amaran', N'anusuriyaa@nltechdev.com', NULL, N'M', NULL, NULL, NULL, NULL, NULL, NULL, NULL, 1, 1, CAST(N'2018-09-22T13:14:35.470' AS DateTime), -1, CAST(N'1800-01-01T00:00:00.000' AS DateTime), NULL, NULL, NULL, NULL, NULL)
INSERT [dbo].[Employee] ([UserId], [EmployeeId], [LoginId], [OfficeId], [FirstName], [LastName], [EmailAddress], [MobileNumber], [Gender], [AvatarUrl], [ReportingToId], [OfficeHolidayId], [EmployeeRoleId], [IsHandleMembers], [IsInProbationaryPeriod], [CanAvailYearlyLeave], [IsActive], [CreatedBy], [CreatedOn], [ModifiedBy], [ModifiedOn], [ShiftID], [CardID], [DOJ], [ConfirmationDate], [RelievingDate]) VALUES (92, N'134', NULL, NULL, N'Natraj', N'Murugesan', N'natrajm@nltechdev.com', NULL, N'M', NULL, NULL, NULL, NULL, NULL, NULL, NULL, 1, 1, CAST(N'2018-09-22T13:14:35.470' AS DateTime), -1, CAST(N'1800-01-01T00:00:00.000' AS DateTime), NULL, NULL, NULL, NULL, NULL)
INSERT [dbo].[Employee] ([UserId], [EmployeeId], [LoginId], [OfficeId], [FirstName], [LastName], [EmailAddress], [MobileNumber], [Gender], [AvatarUrl], [ReportingToId], [OfficeHolidayId], [EmployeeRoleId], [IsHandleMembers], [IsInProbationaryPeriod], [CanAvailYearlyLeave], [IsActive], [CreatedBy], [CreatedOn], [ModifiedBy], [ModifiedOn], [ShiftID], [CardID], [DOJ], [ConfirmationDate], [RelievingDate]) VALUES (93, N'135', NULL, NULL, N'Makbool Shaik', N'Mahabood', N'makboolm@nltechdev.com', NULL, N'M', NULL, NULL, NULL, NULL, NULL, NULL, NULL, 1, 1, CAST(N'2018-09-22T13:14:35.470' AS DateTime), -1, CAST(N'1800-01-01T00:00:00.000' AS DateTime), NULL, NULL, NULL, NULL, NULL)
INSERT [dbo].[Employee] ([UserId], [EmployeeId], [LoginId], [OfficeId], [FirstName], [LastName], [EmailAddress], [MobileNumber], [Gender], [AvatarUrl], [ReportingToId], [OfficeHolidayId], [EmployeeRoleId], [IsHandleMembers], [IsInProbationaryPeriod], [CanAvailYearlyLeave], [IsActive], [CreatedBy], [CreatedOn], [ModifiedBy], [ModifiedOn], [ShiftID], [CardID], [DOJ], [ConfirmationDate], [RelievingDate]) VALUES (94, N'136', NULL, NULL, N'Bharath Kumar', N'Salibindla', N'bksalibindla@nltechdev.com', NULL, N'M', NULL, NULL, NULL, NULL, NULL, NULL, NULL, 1, 1, CAST(N'2018-09-22T13:14:35.473' AS DateTime), -1, CAST(N'1800-01-01T00:00:00.000' AS DateTime), NULL, NULL, NULL, NULL, NULL)
INSERT [dbo].[Employee] ([UserId], [EmployeeId], [LoginId], [OfficeId], [FirstName], [LastName], [EmailAddress], [MobileNumber], [Gender], [AvatarUrl], [ReportingToId], [OfficeHolidayId], [EmployeeRoleId], [IsHandleMembers], [IsInProbationaryPeriod], [CanAvailYearlyLeave], [IsActive], [CreatedBy], [CreatedOn], [ModifiedBy], [ModifiedOn], [ShiftID], [CardID], [DOJ], [ConfirmationDate], [RelievingDate]) VALUES (95, N'138', NULL, NULL, N'Venkatesh Pai', N'Kizhakkeparambil Sarvothama', N'venkateshpaiks@nltechdev.com', NULL, N'M', NULL, NULL, NULL, NULL, NULL, NULL, NULL, 1, 1, CAST(N'2018-09-22T13:14:35.477' AS DateTime), -1, CAST(N'1800-01-01T00:00:00.000' AS DateTime), NULL, NULL, NULL, NULL, NULL)
INSERT [dbo].[Employee] ([UserId], [EmployeeId], [LoginId], [OfficeId], [FirstName], [LastName], [EmailAddress], [MobileNumber], [Gender], [AvatarUrl], [ReportingToId], [OfficeHolidayId], [EmployeeRoleId], [IsHandleMembers], [IsInProbationaryPeriod], [CanAvailYearlyLeave], [IsActive], [CreatedBy], [CreatedOn], [ModifiedBy], [ModifiedOn], [ShiftID], [CardID], [DOJ], [ConfirmationDate], [RelievingDate]) VALUES (96, N'140', NULL, NULL, N'Babu', N'Rajan', N'babur@nltechdev.com', NULL, N'M', NULL, NULL, NULL, NULL, NULL, NULL, NULL, 1, 1, CAST(N'2018-09-22T13:14:35.477' AS DateTime), -1, CAST(N'1800-01-01T00:00:00.000' AS DateTime), NULL, NULL, NULL, NULL, NULL)
INSERT [dbo].[Employee] ([UserId], [EmployeeId], [LoginId], [OfficeId], [FirstName], [LastName], [EmailAddress], [MobileNumber], [Gender], [AvatarUrl], [ReportingToId], [OfficeHolidayId], [EmployeeRoleId], [IsHandleMembers], [IsInProbationaryPeriod], [CanAvailYearlyLeave], [IsActive], [CreatedBy], [CreatedOn], [ModifiedBy], [ModifiedOn], [ShiftID], [CardID], [DOJ], [ConfirmationDate], [RelievingDate]) VALUES (97, N'141', NULL, NULL, N'Deepak', N'Kannan', N'deepakk@nltechdev.com', NULL, N'M', NULL, NULL, NULL, NULL, NULL, NULL, NULL, 1, 1, CAST(N'2018-09-22T13:14:35.477' AS DateTime), -1, CAST(N'1800-01-01T00:00:00.000' AS DateTime), NULL, NULL, NULL, NULL, NULL)
INSERT [dbo].[Employee] ([UserId], [EmployeeId], [LoginId], [OfficeId], [FirstName], [LastName], [EmailAddress], [MobileNumber], [Gender], [AvatarUrl], [ReportingToId], [OfficeHolidayId], [EmployeeRoleId], [IsHandleMembers], [IsInProbationaryPeriod], [CanAvailYearlyLeave], [IsActive], [CreatedBy], [CreatedOn], [ModifiedBy], [ModifiedOn], [ShiftID], [CardID], [DOJ], [ConfirmationDate], [RelievingDate]) VALUES (98, N'142', NULL, NULL, N'Abinaya', N'S', N'abinayas@nltechdev.com', NULL, N'F', NULL, NULL, NULL, NULL, NULL, NULL, NULL, 1, 1, CAST(N'2018-09-22T13:14:35.480' AS DateTime), -1, CAST(N'1800-01-01T00:00:00.000' AS DateTime), NULL, NULL, NULL, NULL, NULL)
INSERT [dbo].[Employee] ([UserId], [EmployeeId], [LoginId], [OfficeId], [FirstName], [LastName], [EmailAddress], [MobileNumber], [Gender], [AvatarUrl], [ReportingToId], [OfficeHolidayId], [EmployeeRoleId], [IsHandleMembers], [IsInProbationaryPeriod], [CanAvailYearlyLeave], [IsActive], [CreatedBy], [CreatedOn], [ModifiedBy], [ModifiedOn], [ShiftID], [CardID], [DOJ], [ConfirmationDate], [RelievingDate]) VALUES (99, N'143', NULL, NULL, N'Vignesh Kumar', N'Kumaran', N'vigneshkumark@nltechdev.com', NULL, N'M', NULL, NULL, NULL, NULL, NULL, NULL, NULL, 1, 1, CAST(N'2018-09-22T13:14:35.480' AS DateTime), -1, CAST(N'1800-01-01T00:00:00.000' AS DateTime), NULL, NULL, NULL, NULL, NULL)
GO
INSERT [dbo].[Employee] ([UserId], [EmployeeId], [LoginId], [OfficeId], [FirstName], [LastName], [EmailAddress], [MobileNumber], [Gender], [AvatarUrl], [ReportingToId], [OfficeHolidayId], [EmployeeRoleId], [IsHandleMembers], [IsInProbationaryPeriod], [CanAvailYearlyLeave], [IsActive], [CreatedBy], [CreatedOn], [ModifiedBy], [ModifiedOn], [ShiftID], [CardID], [DOJ], [ConfirmationDate], [RelievingDate]) VALUES (100, N'144', NULL, NULL, N'Bhakiyalakshmi', N'Selvam', N'bhakiyalakshmis@nltechdev.com', NULL, N'F', NULL, NULL, NULL, NULL, NULL, NULL, NULL, 1, 1, CAST(N'2018-09-22T13:14:35.480' AS DateTime), -1, CAST(N'1800-01-01T00:00:00.000' AS DateTime), NULL, NULL, NULL, NULL, NULL)
INSERT [dbo].[Employee] ([UserId], [EmployeeId], [LoginId], [OfficeId], [FirstName], [LastName], [EmailAddress], [MobileNumber], [Gender], [AvatarUrl], [ReportingToId], [OfficeHolidayId], [EmployeeRoleId], [IsHandleMembers], [IsInProbationaryPeriod], [CanAvailYearlyLeave], [IsActive], [CreatedBy], [CreatedOn], [ModifiedBy], [ModifiedOn], [ShiftID], [CardID], [DOJ], [ConfirmationDate], [RelievingDate]) VALUES (101, N'145', NULL, NULL, N'Mula Ramakrishna', N'Reddy', N'mularamakrishnar@nltechdev.com', NULL, N'M', NULL, NULL, NULL, NULL, NULL, NULL, NULL, 1, 1, CAST(N'2018-09-22T13:14:35.483' AS DateTime), -1, CAST(N'1800-01-01T00:00:00.000' AS DateTime), NULL, NULL, NULL, NULL, NULL)
INSERT [dbo].[Employee] ([UserId], [EmployeeId], [LoginId], [OfficeId], [FirstName], [LastName], [EmailAddress], [MobileNumber], [Gender], [AvatarUrl], [ReportingToId], [OfficeHolidayId], [EmployeeRoleId], [IsHandleMembers], [IsInProbationaryPeriod], [CanAvailYearlyLeave], [IsActive], [CreatedBy], [CreatedOn], [ModifiedBy], [ModifiedOn], [ShiftID], [CardID], [DOJ], [ConfirmationDate], [RelievingDate]) VALUES (102, N'146', NULL, NULL, N'Praveen', N'Tamilselvan', N'praveent@nltechdev.com', NULL, N'M', NULL, NULL, NULL, NULL, NULL, NULL, NULL, 1, 1, CAST(N'2018-09-22T13:14:35.483' AS DateTime), -1, CAST(N'1800-01-01T00:00:00.000' AS DateTime), NULL, NULL, NULL, NULL, NULL)
INSERT [dbo].[Employee] ([UserId], [EmployeeId], [LoginId], [OfficeId], [FirstName], [LastName], [EmailAddress], [MobileNumber], [Gender], [AvatarUrl], [ReportingToId], [OfficeHolidayId], [EmployeeRoleId], [IsHandleMembers], [IsInProbationaryPeriod], [CanAvailYearlyLeave], [IsActive], [CreatedBy], [CreatedOn], [ModifiedBy], [ModifiedOn], [ShiftID], [CardID], [DOJ], [ConfirmationDate], [RelievingDate]) VALUES (103, N'147', NULL, NULL, N'Ganapathi', N'Ponmudi', N'ganapathip@nltechdev.com', NULL, N'M', NULL, NULL, NULL, NULL, NULL, NULL, NULL, 1, 1, CAST(N'2018-09-22T13:14:35.487' AS DateTime), -1, CAST(N'1800-01-01T00:00:00.000' AS DateTime), NULL, NULL, NULL, NULL, NULL)
INSERT [dbo].[Employee] ([UserId], [EmployeeId], [LoginId], [OfficeId], [FirstName], [LastName], [EmailAddress], [MobileNumber], [Gender], [AvatarUrl], [ReportingToId], [OfficeHolidayId], [EmployeeRoleId], [IsHandleMembers], [IsInProbationaryPeriod], [CanAvailYearlyLeave], [IsActive], [CreatedBy], [CreatedOn], [ModifiedBy], [ModifiedOn], [ShiftID], [CardID], [DOJ], [ConfirmationDate], [RelievingDate]) VALUES (104, N'148', NULL, NULL, N'Shivaprakash', N'Suyamburaj', N'shivaprakashs@nltechdev.com', NULL, N'M', NULL, NULL, NULL, NULL, NULL, NULL, NULL, 1, 1, CAST(N'2018-09-22T13:14:35.487' AS DateTime), -1, CAST(N'1800-01-01T00:00:00.000' AS DateTime), NULL, NULL, NULL, NULL, NULL)
INSERT [dbo].[Employee] ([UserId], [EmployeeId], [LoginId], [OfficeId], [FirstName], [LastName], [EmailAddress], [MobileNumber], [Gender], [AvatarUrl], [ReportingToId], [OfficeHolidayId], [EmployeeRoleId], [IsHandleMembers], [IsInProbationaryPeriod], [CanAvailYearlyLeave], [IsActive], [CreatedBy], [CreatedOn], [ModifiedBy], [ModifiedOn], [ShiftID], [CardID], [DOJ], [ConfirmationDate], [RelievingDate]) VALUES (105, N'149', NULL, NULL, N'Jayaprabhakaran', N'Manoharan', N'jayaprabhakaranm@nltechdev.com', NULL, N'M', NULL, NULL, NULL, NULL, NULL, NULL, NULL, 1, 1, CAST(N'2018-09-22T13:14:35.490' AS DateTime), -1, CAST(N'1800-01-01T00:00:00.000' AS DateTime), NULL, NULL, NULL, NULL, NULL)
INSERT [dbo].[Employee] ([UserId], [EmployeeId], [LoginId], [OfficeId], [FirstName], [LastName], [EmailAddress], [MobileNumber], [Gender], [AvatarUrl], [ReportingToId], [OfficeHolidayId], [EmployeeRoleId], [IsHandleMembers], [IsInProbationaryPeriod], [CanAvailYearlyLeave], [IsActive], [CreatedBy], [CreatedOn], [ModifiedBy], [ModifiedOn], [ShiftID], [CardID], [DOJ], [ConfirmationDate], [RelievingDate]) VALUES (106, N'150', NULL, NULL, N'Harisankar', N'Ashok', N'harisankara@nltechdev.com', NULL, N'M', NULL, NULL, NULL, NULL, NULL, NULL, NULL, 1, 1, CAST(N'2018-09-22T13:14:35.490' AS DateTime), -1, CAST(N'1800-01-01T00:00:00.000' AS DateTime), NULL, NULL, NULL, NULL, NULL)
INSERT [dbo].[Employee] ([UserId], [EmployeeId], [LoginId], [OfficeId], [FirstName], [LastName], [EmailAddress], [MobileNumber], [Gender], [AvatarUrl], [ReportingToId], [OfficeHolidayId], [EmployeeRoleId], [IsHandleMembers], [IsInProbationaryPeriod], [CanAvailYearlyLeave], [IsActive], [CreatedBy], [CreatedOn], [ModifiedBy], [ModifiedOn], [ShiftID], [CardID], [DOJ], [ConfirmationDate], [RelievingDate]) VALUES (107, N'151', NULL, NULL, N'Mano Thomson', N'Francis', N'manothomsonf@nltechdev.com', NULL, N'M', NULL, NULL, NULL, NULL, NULL, NULL, NULL, 1, 1, CAST(N'2018-09-22T13:14:35.490' AS DateTime), -1, CAST(N'1800-01-01T00:00:00.000' AS DateTime), NULL, NULL, NULL, NULL, NULL)
INSERT [dbo].[Employee] ([UserId], [EmployeeId], [LoginId], [OfficeId], [FirstName], [LastName], [EmailAddress], [MobileNumber], [Gender], [AvatarUrl], [ReportingToId], [OfficeHolidayId], [EmployeeRoleId], [IsHandleMembers], [IsInProbationaryPeriod], [CanAvailYearlyLeave], [IsActive], [CreatedBy], [CreatedOn], [ModifiedBy], [ModifiedOn], [ShiftID], [CardID], [DOJ], [ConfirmationDate], [RelievingDate]) VALUES (108, N'152', NULL, NULL, N'Tharcis', N'Sirumani', N'tharciss@nltechdev.com', NULL, N'M', NULL, NULL, NULL, NULL, NULL, NULL, NULL, 1, 1, CAST(N'2018-09-22T13:14:35.493' AS DateTime), -1, CAST(N'1800-01-01T00:00:00.000' AS DateTime), NULL, NULL, NULL, NULL, NULL)
INSERT [dbo].[Employee] ([UserId], [EmployeeId], [LoginId], [OfficeId], [FirstName], [LastName], [EmailAddress], [MobileNumber], [Gender], [AvatarUrl], [ReportingToId], [OfficeHolidayId], [EmployeeRoleId], [IsHandleMembers], [IsInProbationaryPeriod], [CanAvailYearlyLeave], [IsActive], [CreatedBy], [CreatedOn], [ModifiedBy], [ModifiedOn], [ShiftID], [CardID], [DOJ], [ConfirmationDate], [RelievingDate]) VALUES (109, N'153', NULL, NULL, N'Praveen Kumar', N'A', N'praveena@nltechdev.com', NULL, N'M', NULL, NULL, NULL, NULL, NULL, NULL, NULL, 1, 1, CAST(N'2018-09-22T13:14:35.493' AS DateTime), -1, CAST(N'1800-01-01T00:00:00.000' AS DateTime), NULL, NULL, NULL, NULL, NULL)
INSERT [dbo].[Employee] ([UserId], [EmployeeId], [LoginId], [OfficeId], [FirstName], [LastName], [EmailAddress], [MobileNumber], [Gender], [AvatarUrl], [ReportingToId], [OfficeHolidayId], [EmployeeRoleId], [IsHandleMembers], [IsInProbationaryPeriod], [CanAvailYearlyLeave], [IsActive], [CreatedBy], [CreatedOn], [ModifiedBy], [ModifiedOn], [ShiftID], [CardID], [DOJ], [ConfirmationDate], [RelievingDate]) VALUES (110, N'154', NULL, NULL, N'Sudhakar', N'Ganapathi', N'sudhakarg@nltechdev.com', NULL, N'M', NULL, NULL, NULL, NULL, NULL, NULL, NULL, 1, 1, CAST(N'2018-09-22T13:14:35.497' AS DateTime), -1, CAST(N'1800-01-01T00:00:00.000' AS DateTime), NULL, NULL, NULL, NULL, NULL)
INSERT [dbo].[Employee] ([UserId], [EmployeeId], [LoginId], [OfficeId], [FirstName], [LastName], [EmailAddress], [MobileNumber], [Gender], [AvatarUrl], [ReportingToId], [OfficeHolidayId], [EmployeeRoleId], [IsHandleMembers], [IsInProbationaryPeriod], [CanAvailYearlyLeave], [IsActive], [CreatedBy], [CreatedOn], [ModifiedBy], [ModifiedOn], [ShiftID], [CardID], [DOJ], [ConfirmationDate], [RelievingDate]) VALUES (111, N'155', NULL, NULL, N'Mythili', N'Settu', N'mythilis@nltechdev.com', NULL, N'F', NULL, NULL, NULL, NULL, NULL, NULL, NULL, 1, 1, CAST(N'2018-09-22T13:14:35.497' AS DateTime), -1, CAST(N'1800-01-01T00:00:00.000' AS DateTime), NULL, NULL, NULL, NULL, NULL)
INSERT [dbo].[Employee] ([UserId], [EmployeeId], [LoginId], [OfficeId], [FirstName], [LastName], [EmailAddress], [MobileNumber], [Gender], [AvatarUrl], [ReportingToId], [OfficeHolidayId], [EmployeeRoleId], [IsHandleMembers], [IsInProbationaryPeriod], [CanAvailYearlyLeave], [IsActive], [CreatedBy], [CreatedOn], [ModifiedBy], [ModifiedOn], [ShiftID], [CardID], [DOJ], [ConfirmationDate], [RelievingDate]) VALUES (112, N'156', NULL, NULL, N'Aravind Kumar', N'Perumal', N'aravindkumarp@nltechdev.com', NULL, N'M', NULL, NULL, NULL, NULL, NULL, NULL, NULL, 1, 1, CAST(N'2018-09-22T13:14:35.497' AS DateTime), -1, CAST(N'1800-01-01T00:00:00.000' AS DateTime), NULL, NULL, NULL, NULL, NULL)
INSERT [dbo].[Employee] ([UserId], [EmployeeId], [LoginId], [OfficeId], [FirstName], [LastName], [EmailAddress], [MobileNumber], [Gender], [AvatarUrl], [ReportingToId], [OfficeHolidayId], [EmployeeRoleId], [IsHandleMembers], [IsInProbationaryPeriod], [CanAvailYearlyLeave], [IsActive], [CreatedBy], [CreatedOn], [ModifiedBy], [ModifiedOn], [ShiftID], [CardID], [DOJ], [ConfirmationDate], [RelievingDate]) VALUES (113, N'157', NULL, NULL, N'Loganathan', N'Pandiyan', N'loganathanp@nltechdev.com', NULL, N'M', NULL, NULL, NULL, NULL, NULL, NULL, NULL, 1, 1, CAST(N'2018-09-22T13:14:35.500' AS DateTime), -1, CAST(N'1800-01-01T00:00:00.000' AS DateTime), NULL, NULL, NULL, NULL, NULL)
INSERT [dbo].[Employee] ([UserId], [EmployeeId], [LoginId], [OfficeId], [FirstName], [LastName], [EmailAddress], [MobileNumber], [Gender], [AvatarUrl], [ReportingToId], [OfficeHolidayId], [EmployeeRoleId], [IsHandleMembers], [IsInProbationaryPeriod], [CanAvailYearlyLeave], [IsActive], [CreatedBy], [CreatedOn], [ModifiedBy], [ModifiedOn], [ShiftID], [CardID], [DOJ], [ConfirmationDate], [RelievingDate]) VALUES (114, N'158', NULL, NULL, N'Keerthana', N'Rajendran', N'keethanar@nltechdev.com', NULL, N'F', NULL, NULL, NULL, NULL, NULL, NULL, NULL, 1, 1, CAST(N'2018-09-22T13:14:35.500' AS DateTime), -1, CAST(N'1800-01-01T00:00:00.000' AS DateTime), NULL, NULL, NULL, NULL, NULL)
INSERT [dbo].[Employee] ([UserId], [EmployeeId], [LoginId], [OfficeId], [FirstName], [LastName], [EmailAddress], [MobileNumber], [Gender], [AvatarUrl], [ReportingToId], [OfficeHolidayId], [EmployeeRoleId], [IsHandleMembers], [IsInProbationaryPeriod], [CanAvailYearlyLeave], [IsActive], [CreatedBy], [CreatedOn], [ModifiedBy], [ModifiedOn], [ShiftID], [CardID], [DOJ], [ConfirmationDate], [RelievingDate]) VALUES (115, N'159', NULL, NULL, N'Muthuraj', N'Anbalagan', N'muthuraja@nltechdev.com', NULL, N'M', NULL, NULL, NULL, NULL, NULL, NULL, NULL, 1, 1, CAST(N'2018-09-22T13:14:35.500' AS DateTime), -1, CAST(N'1800-01-01T00:00:00.000' AS DateTime), NULL, NULL, NULL, NULL, NULL)
SET IDENTITY_INSERT [dbo].[Employee] OFF
SET IDENTITY_INSERT [dbo].[Entity] ON 

INSERT [dbo].[Entity] ([EntityId], [EntityName], [CreatedOn], [CreatedBy]) VALUES (1, N'AssetQuotation', CAST(N'2018-09-17T12:37:39.353' AS DateTime), 1)
INSERT [dbo].[Entity] ([EntityId], [EntityName], [CreatedOn], [CreatedBy]) VALUES (2, N'ApproveQuotation', CAST(N'2018-09-17T12:37:39.367' AS DateTime), 1)
SET IDENTITY_INSERT [dbo].[Entity] OFF
SET IDENTITY_INSERT [dbo].[UserRoleMap] ON 

INSERT [dbo].[UserRoleMap] ([Id], [EmployeeUserId], [RoleId], [CreatedOn], [CreatedBy]) VALUES (1, 1, 4, CAST(N'2018-08-28T19:55:44.810' AS DateTime), 1)
INSERT [dbo].[UserRoleMap] ([Id], [EmployeeUserId], [RoleId], [CreatedOn], [CreatedBy]) VALUES (2, 2, 3, CAST(N'2018-08-28T19:55:44.863' AS DateTime), 1)
INSERT [dbo].[UserRoleMap] ([Id], [EmployeeUserId], [RoleId], [CreatedOn], [CreatedBy]) VALUES (3, 3, 3, CAST(N'2018-08-28T19:55:44.863' AS DateTime), 1)
INSERT [dbo].[UserRoleMap] ([Id], [EmployeeUserId], [RoleId], [CreatedOn], [CreatedBy]) VALUES (4, 5, 1, CAST(N'2018-08-29T11:52:14.480' AS DateTime), 1)
INSERT [dbo].[UserRoleMap] ([Id], [EmployeeUserId], [RoleId], [CreatedOn], [CreatedBy]) VALUES (5, 4, 2, CAST(N'2018-09-17T10:31:19.997' AS DateTime), 1)
SET IDENTITY_INSERT [dbo].[UserRoleMap] OFF
SET IDENTITY_INSERT [dbo].[UserRoles] ON 

INSERT [dbo].[UserRoles] ([Id], [RoleName], [CreatedOn], [CreatedBy]) VALUES (1, N'Admin', CAST(N'2018-08-28T19:54:47.120' AS DateTime), 1)
INSERT [dbo].[UserRoles] ([Id], [RoleName], [CreatedOn], [CreatedBy]) VALUES (2, N'HR', CAST(N'2018-08-28T19:54:47.157' AS DateTime), 1)
INSERT [dbo].[UserRoles] ([Id], [RoleName], [CreatedOn], [CreatedBy]) VALUES (3, N'Asset Manager', CAST(N'2018-08-28T19:54:47.157' AS DateTime), 1)
INSERT [dbo].[UserRoles] ([Id], [RoleName], [CreatedOn], [CreatedBy]) VALUES (4, N'General Manager', CAST(N'2018-08-28T19:54:47.157' AS DateTime), 1)
SET IDENTITY_INSERT [dbo].[UserRoles] OFF
SET IDENTITY_INSERT [dbo].[Users] ON 

INSERT [dbo].[Users] ([Id], [Password], [EmployeeUserId], [CreatedOn], [CreatedBy]) VALUES (1, N'password', NULL, CAST(N'2018-09-22T13:14:35.277' AS DateTime), 1)
INSERT [dbo].[Users] ([Id], [Password], [EmployeeUserId], [CreatedOn], [CreatedBy]) VALUES (2, N'password', 1, CAST(N'2018-09-22T13:14:35.503' AS DateTime), 1)
INSERT [dbo].[Users] ([Id], [Password], [EmployeeUserId], [CreatedOn], [CreatedBy]) VALUES (3, N'password', 2, CAST(N'2018-09-22T13:14:35.503' AS DateTime), 1)
INSERT [dbo].[Users] ([Id], [Password], [EmployeeUserId], [CreatedOn], [CreatedBy]) VALUES (4, N'password', 3, CAST(N'2018-09-22T13:14:35.507' AS DateTime), 1)
INSERT [dbo].[Users] ([Id], [Password], [EmployeeUserId], [CreatedOn], [CreatedBy]) VALUES (5, N'password', 4, CAST(N'2018-09-22T13:14:35.507' AS DateTime), 1)
INSERT [dbo].[Users] ([Id], [Password], [EmployeeUserId], [CreatedOn], [CreatedBy]) VALUES (6, N'password', 5, CAST(N'2018-09-22T13:14:35.507' AS DateTime), 1)
SET IDENTITY_INSERT [dbo].[Users] OFF
ALTER TABLE [dbo].[AssetAllocation] ADD  DEFAULT (getdate()) FOR [AssetAllocatedOn]
GO
ALTER TABLE [dbo].[AssetAllocation] ADD  DEFAULT (getdate()) FOR [AssetCanceledOn]
GO
ALTER TABLE [dbo].[AssetAllocation] ADD  DEFAULT (getdate()) FOR [CreatedOn]
GO
ALTER TABLE [dbo].[AssetCategory] ADD  DEFAULT (getdate()) FOR [CreatedOn]
GO
ALTER TABLE [dbo].[AssetDocuments] ADD  DEFAULT (getdate()) FOR [CreatedOn]
GO
ALTER TABLE [dbo].[AssetHistory] ADD  DEFAULT (getdate()) FOR [StatusModifiedOn]
GO
ALTER TABLE [dbo].[AssetLocation] ADD  CONSTRAINT [DF__AssetLoca__Creat__108B795B]  DEFAULT (getdate()) FOR [CreatedOn]
GO
ALTER TABLE [dbo].[AssetQuotation] ADD  CONSTRAINT [DF__AssetQuot__Creat__656C112C]  DEFAULT (getdate()) FOR [CreatedOn]
GO
ALTER TABLE [dbo].[AssetQuoteApprovals] ADD  CONSTRAINT [DF__AssetQuot__Creat__31EC6D26]  DEFAULT (getdate()) FOR [CreatedOn]
GO
ALTER TABLE [dbo].[AssetRequest] ADD  CONSTRAINT [DF__AssetRequ__Creat__4CA06362]  DEFAULT (getdate()) FOR [CreatedOn]
GO
ALTER TABLE [dbo].[AssetRequestPayments] ADD  CONSTRAINT [DF__AssetRequ__Creat__7A672E12]  DEFAULT (getdate()) FOR [CreatedOn]
GO
ALTER TABLE [dbo].[AssetRequestSpecification] ADD  DEFAULT (getdate()) FOR [CreatedOn]
GO
ALTER TABLE [dbo].[AssetStatus] ADD  DEFAULT (getdate()) FOR [CreatedOn]
GO
ALTER TABLE [dbo].[AssetType] ADD  DEFAULT (getdate()) FOR [CreatedOn]
GO
ALTER TABLE [dbo].[AssetTypeSpecification] ADD  DEFAULT (getdate()) FOR [CreatedOn]
GO
ALTER TABLE [dbo].[AssetVendors] ADD  CONSTRAINT [DF__AssetVend__Creat__02084FDA]  DEFAULT (getdate()) FOR [CreatedOn]
GO
ALTER TABLE [dbo].[AssetAllocation]  WITH CHECK ADD FOREIGN KEY([EmployeeId])
REFERENCES [dbo].[Employee] ([UserId])
GO
ALTER TABLE [dbo].[AssetAllocation]  WITH CHECK ADD FOREIGN KEY([LocationId])
REFERENCES [dbo].[AssetLocation] ([Id])
GO
ALTER TABLE [dbo].[AssetDocuments]  WITH CHECK ADD  CONSTRAINT [FK_AssetDocuments_Entity] FOREIGN KEY([EntityId])
REFERENCES [dbo].[Entity] ([EntityId])
GO
ALTER TABLE [dbo].[AssetDocuments] CHECK CONSTRAINT [FK_AssetDocuments_Entity]
GO
ALTER TABLE [dbo].[AssetHistory]  WITH CHECK ADD FOREIGN KEY([AssetRequestId])
REFERENCES [dbo].[AssetRequest] ([Id])
GO
ALTER TABLE [dbo].[AssetHistory]  WITH CHECK ADD FOREIGN KEY([StatusChangedBy])
REFERENCES [dbo].[Employee] ([UserId])
GO
ALTER TABLE [dbo].[AssetHistory]  WITH CHECK ADD FOREIGN KEY([TargetStatusId])
REFERENCES [dbo].[AssetStatus] ([Id])
GO
ALTER TABLE [dbo].[AssetQuotation]  WITH CHECK ADD  CONSTRAINT [FK__AssetQuot__Asset__2645B050] FOREIGN KEY([AssetVendorId])
REFERENCES [dbo].[AssetVendors] ([Id])
GO
ALTER TABLE [dbo].[AssetQuotation] CHECK CONSTRAINT [FK__AssetQuot__Asset__2645B050]
GO
ALTER TABLE [dbo].[AssetQuotation]  WITH CHECK ADD  CONSTRAINT [FK__AssetQuot__Asset__66603565] FOREIGN KEY([AssetRequestId])
REFERENCES [dbo].[AssetRequest] ([Id])
GO
ALTER TABLE [dbo].[AssetQuotation] CHECK CONSTRAINT [FK__AssetQuot__Asset__66603565]
GO
ALTER TABLE [dbo].[AssetRequest]  WITH CHECK ADD  CONSTRAINT [FK__AssetRequ__Asset__1332DBDC] FOREIGN KEY([AssetQuotationId])
REFERENCES [dbo].[AssetQuotation] ([Id])
GO
ALTER TABLE [dbo].[AssetRequest] CHECK CONSTRAINT [FK__AssetRequ__Asset__1332DBDC]
GO
ALTER TABLE [dbo].[AssetRequest]  WITH CHECK ADD  CONSTRAINT [FK__AssetRequ__Asset__4D94879B] FOREIGN KEY([AssetTypeId])
REFERENCES [dbo].[AssetType] ([Id])
GO
ALTER TABLE [dbo].[AssetRequest] CHECK CONSTRAINT [FK__AssetRequ__Asset__4D94879B]
GO
ALTER TABLE [dbo].[AssetRequest]  WITH CHECK ADD  CONSTRAINT [FK__AssetRequ__Asset__4E88ABD4] FOREIGN KEY([AssetStatusId])
REFERENCES [dbo].[AssetStatus] ([Id])
GO
ALTER TABLE [dbo].[AssetRequest] CHECK CONSTRAINT [FK__AssetRequ__Asset__4E88ABD4]
GO
ALTER TABLE [dbo].[AssetRequest]  WITH CHECK ADD  CONSTRAINT [FK__AssetRequ__Locat__4F7CD00D] FOREIGN KEY([LocationId])
REFERENCES [dbo].[AssetLocation] ([Id])
GO
ALTER TABLE [dbo].[AssetRequest] CHECK CONSTRAINT [FK__AssetRequ__Locat__4F7CD00D]
GO
ALTER TABLE [dbo].[AssetRequestPayments]  WITH CHECK ADD  CONSTRAINT [FK__AssetRequ__Asset__7D439ABD] FOREIGN KEY([AssetRequestId])
REFERENCES [dbo].[AssetRequest] ([Id])
GO
ALTER TABLE [dbo].[AssetRequestPayments] CHECK CONSTRAINT [FK__AssetRequ__Asset__7D439ABD]
GO
ALTER TABLE [dbo].[AssetRequestPayments]  WITH CHECK ADD  CONSTRAINT [FK__AssetRequ__Payme__7E37BEF6] FOREIGN KEY([PaymentModeId])
REFERENCES [dbo].[AssetPaymentMode] ([Id])
GO
ALTER TABLE [dbo].[AssetRequestPayments] CHECK CONSTRAINT [FK__AssetRequ__Payme__7E37BEF6]
GO
ALTER TABLE [dbo].[AssetRequestSpecification]  WITH CHECK ADD FOREIGN KEY([AssetTypeSpecId])
REFERENCES [dbo].[AssetTypeSpecification] ([Id])
GO
ALTER TABLE [dbo].[AssetRequestSpecification]  WITH CHECK ADD  CONSTRAINT [FK__AssetRequ__Asset__534D60F1] FOREIGN KEY([AssetRequestId])
REFERENCES [dbo].[AssetRequest] ([Id])
GO
ALTER TABLE [dbo].[AssetRequestSpecification] CHECK CONSTRAINT [FK__AssetRequ__Asset__534D60F1]
GO
ALTER TABLE [dbo].[AssetType]  WITH CHECK ADD FOREIGN KEY([AddonsTypeId])
REFERENCES [dbo].[AssetTypeAddOns] ([Id])
GO
ALTER TABLE [dbo].[AssetType]  WITH CHECK ADD FOREIGN KEY([AssetCategoryId])
REFERENCES [dbo].[AssetCategory] ([Id])
GO
ALTER TABLE [dbo].[AssetTypeOtherSpecification]  WITH CHECK ADD FOREIGN KEY([AssetRequestId])
REFERENCES [dbo].[AssetRequest] ([Id])
GO
ALTER TABLE [dbo].[AssetTypeOtherSpecification]  WITH CHECK ADD FOREIGN KEY([AssetRequestId])
REFERENCES [dbo].[AssetRequest] ([Id])
GO
ALTER TABLE [dbo].[AssetTypeOtherSpecification]  WITH CHECK ADD FOREIGN KEY([AssetRequestId])
REFERENCES [dbo].[AssetRequest] ([Id])
GO
ALTER TABLE [dbo].[AssetTypeOtherSpecification]  WITH CHECK ADD FOREIGN KEY([AssetRequestId])
REFERENCES [dbo].[AssetRequest] ([Id])
GO
ALTER TABLE [dbo].[AssetTypeSpecification]  WITH CHECK ADD FOREIGN KEY([AssetTypeId])
REFERENCES [dbo].[AssetType] ([Id])
GO
ALTER TABLE [dbo].[UserRoleMap]  WITH CHECK ADD  CONSTRAINT [FK_UserRoleMap_Employee] FOREIGN KEY([EmployeeUserId])
REFERENCES [dbo].[Employee] ([UserId])
GO
ALTER TABLE [dbo].[UserRoleMap] CHECK CONSTRAINT [FK_UserRoleMap_Employee]
GO
ALTER TABLE [dbo].[UserRoleMap]  WITH CHECK ADD  CONSTRAINT [FK_UserRoleMap_UserRoles] FOREIGN KEY([RoleId])
REFERENCES [dbo].[UserRoles] ([Id])
GO
ALTER TABLE [dbo].[UserRoleMap] CHECK CONSTRAINT [FK_UserRoleMap_UserRoles]
GO
ALTER TABLE [dbo].[Users]  WITH CHECK ADD  CONSTRAINT [FK_Users_Employee] FOREIGN KEY([EmployeeUserId])
REFERENCES [dbo].[Employee] ([UserId])
GO
ALTER TABLE [dbo].[Users] CHECK CONSTRAINT [FK_Users_Employee]